Date,Open,High,Low,Close,Volume,Currency,USD-BRL,USD-CLP,USD-EUR,Volume_USD-BRL,Volume_USD-CLP,Volume_USD-EUR
1/2/2019,101.6,102.65,99.35,99.5,22181,USD,3.789851,696.820523,0.883585,84062.68503,15456176.02,19598.79889
1/3/2019,99.5,103.25,99.45,102.15,21488,USD,3.756597,693.799154,0.87792,80721.75634,14908356.22,18864.74496
1/4/2019,102.3,103,100.4,101.6,16115,USD,3.715204,681.203912,0.877535,59870.51246,10977601.04,14141.47653
1/7/2019,101.5,103.45,101.15,102.75,15307,USD,3.735601,681.249605,0.871125,57180.84451,10427887.7,13334.31038
1/8/2019,102.9,106.05,102.35,105.05,32987,USD,3.713906,680.400592,0.872925,122510.6172,22444374.33,28795.17698
1/9/2019,105,106.85,104.35,105.3,21955,USD,3.681504,676.000056,0.865465,80827.42032,14841581.23,19001.28408
1/10/2019,105,106,103.35,104.25,23607,USD,3.711399,676.097294,0.869036,87614.99619,15960628.82,20515.33285
1/11/2019,104,104.8,102.5,103.85,24878,USD,3.711404,674.903912,0.871875,92332.30871,16790259.52,21690.50625
1/14/2019,103.4,103.55,101.55,102.75,16710,USD,3.698991,673.697044,0.871645,61810.13961,11257477.61,14565.18795
1/15/2019,102.25,102.9,100.4,101.3,20659,USD,3.717902,675.502153,0.876098,76808.13742,13955198.98,18099.30858
1/16/2019,100.9,103,100.65,102.4,21687,USD,3.735798,669.000507,0.87737,81018.25123,14508614,19027.52319
1/17/2019,102.4,103.5,101.75,102.4,17112,USD,3.750397,670.501473,0.877801,64176.79346,11473621.21,15020.93071
1/18/2019,102.85,106.2,102.6,104.95,27462,USD,3.75305,671.103912,0.879315,103066.2591,18429855.63,24147.74853
1/22/2019,104.9,105.75,102.8,103.35,19239,USD,3.81555,673.793437,0.880005,73407.36645,12963111.93,16930.4162
1/23/2019,102.9,104,102.3,103.4,16628,USD,3.765798,672.198015,0.878301,62617.68914,11177308.59,14604.38903
1/24/2019,103.7,106.1,103.05,105.3,22422,USD,3.77335,672.102177,0.884099,84606.0537,15069875.01,19823.26778
1/25/2019,106.1,107.15,105.2,106.8,26253,USD,3.771104,669.503912,0.877155,99002.79331,17576486.2,23027.95022
1/28/2019,105.65,105.8,101.55,102.65,31315,USD,3.761105,670.804661,0.875005,117779.0031,21006247.96,27400.78158
1/29/2019,103,103.3,102.15,102.6,16064,USD,3.719699,667.292332,0.874515,59753.24474,10719384.02,14048.20896
1/30/2019,102.65,103.35,101.95,102.1,12753,USD,3.68485,663.897023,0.870702,46992.89205,8466678.734,11104.06261
1/31/2019,102.3,106.35,102.3,105.9,31555,USD,3.644305,662.670012,0.873605,114996.0443,20910552.23,27566.60578
2/1/2019,106.15,107,103.55,103.7,27776,USD,3.659804,653.903912,0.872795,101654.7159,18162835.06,24242.75392
2/4/2019,103.8,106.35,103.25,105.6,28654,USD,3.6685,652.601156,0.874445,105117.199,18699633.52,25056.34703
2/5/2019,105.8,106.2,104.25,104.85,21214,USD,3.669798,651.490528,0.876465,77851.09477,13820720.06,18593.32851
2/6/2019,104.7,105.9,104.35,105.5,23725,USD,3.698198,654.777673,0.879845,87739.74755,15534600.29,20874.32263
2/7/2019,105.2,105.3,103.55,104.3,38973,USD,3.716397,658.601353,0.88196,144839.1403,25667670.53,34372.62708
2/8/2019,104.25,104.75,102.25,102.6,39198,USD,3.730104,658.103912,0.882185,146212.6166,25796357.14,34579.88763
2/11/2019,102.6,102.7,99.85,100.2,41306,USD,3.756697,661.903383,0.88663,155174.1263,27340581.14,36623.13878
2/12/2019,100.2,101.25,99.9,100.45,28912,USD,3.709503,660.302645,0.882285,107249.1507,19090670.07,25508.62392
2/13/2019,101,101,98.65,98.9,29862,USD,3.754703,663.598309,0.88774,112122.941,19816372.7,26509.69188
2/14/2019,98.85,99.2,97.05,97.85,17476,USD,3.723498,664.398401,0.88535,65071.85105,11611026.46,15472.3766
2/15/2019,97.8,98.85,97.45,97.95,19140,USD,3.700504,661.803912,0.88523,70827.64656,12666926.88,16943.3022
2/19/2019,97.65,98.3,96.1,97.2,13803,USD,3.7235,655.601767,0.881796,51395.4705,9049271.19,12171.43019
2/20/2019,97.6,98.2,96.1,97.55,218,USD,3.725503,653.196482,0.881375,812.159654,142396.8331,192.13975
2/21/2019,97,97.35,96,96.1,37,USD,3.768026,654.501978,0.881799,139.416962,24216.57319,32.626563
2/22/2019,96.5,96.95,96.45,96.45,30,USD,3.748204,651.303912,0.881715,112.44612,19539.11736,26.45145
2/25/2019,96.35,97.25,96.25,96.4,12,USD,3.751899,650.5971,0.879898,45.022788,7807.1652,10.558776
2/26/2019,96.4,96.5,93.6,93.55,68,USD,3.748603,648.103082,0.877745,254.905004,44071.00958,59.68666
2/27/2019,93.95,96.3,93.95,95.7,15,USD,3.728797,649.199511,0.878745,55.931955,9737.992665,13.181175
2/28/2019,94.7,95.55,94.7,95.2,42,USD,3.750984,655.794813,0.879265,157.541328,27543.38215,36.92913
3/1/2019,97.5,97.5,97.5,96.95,8,USD,3.776404,659.803912,0.878925,30.211232,5278.431296,7.0314
3/4/2019,96.5,96.5,96.5,94.1,11,USD,3.775598,660.202571,0.882065,41.531578,7262.228281,9.702715
3/5/2019,96.45,96.45,96.45,96.45,0,USD,3.775898,657.804156,0.88448,0,0,0
3/6/2019,99.85,100.1,98.35,95.5,15,USD,3.84035,660.303308,0.88398,57.60525,9904.54962,13.2597
3/7/2019,98.55,99.3,96.85,93.65,0,USD,3.870798,667.802416,0.89302,0,0,0
3/8/2019,94.5,95.25,94.5,95.3,2,USD,3.869604,671.303912,0.88972,7.739208,1342.607824,1.77944
3/11/2019,98.08,98.3,97.05,94,0,USD,3.838798,670.704511,0.88819,0,0,0
3/12/2019,94.55,94.55,94.5,92.8,6,USD,3.813102,665.507555,0.885965,22.878612,3993.04533,5.31579
3/13/2019,96.1,97.78,95.25,94.45,0,USD,3.814803,668.694974,0.882555,0,0,0
3/14/2019,95.3,95.3,94.05,93.95,2,USD,3.841974,671.705262,0.884325,7.683948,1343.410524,1.76865
3/15/2019,97.28,97.85,96.6,94.6,0,USD,3.814504,670.000361,0.881485,0,0,0
3/18/2019,97.15,97.97,96.35,93.65,2,USD,3.791497,668.280158,0.882155,7.582994,1336.560316,1.76431
3/19/2019,97.03,97.8,96.5,93.45,0,USD,3.789203,667.382409,0.880705,0,0,0
3/20/2019,96.6,96.8,94.35,94.75,24995,USD,3.7757,662.501488,0.87508,94373.6215,16559224.69,21872.6246
3/21/2019,94.85,96.3,94.55,94.8,18945,USD,3.792501,667.503814,0.879155,71848.93145,12645859.76,16655.59148
3/22/2019,95,95.5,93.65,93.9,17911,USD,3.907504,678.903912,0.883355,69987.30414,12159847.97,15821.77141
3/25/2019,93.65,94.85,92.6,94.25,23108,USD,3.8551,679.684946,0.88376,89083.6508,15706159.73,20421.92608
3/26/2019,94.35,95.85,93.95,95.35,25122,USD,3.876498,680.601894,0.88697,97385.38276,17098080.78,22282.46034
3/27/2019,95.05,96.4,93.45,93.85,31136,USD,3.99175,681.499774,0.88878,124287.128,21219176.96,27673.05408
3/28/2019,93.4,94.6,92.7,94,24204,USD,3.901298,682.601415,0.890505,94427.01679,16521684.65,21553.78302
3/29/2019,94.25,95.65,94.2,94.5,21783,USD,3.923104,680.503912,0.89035,85456.97443,14823416.72,19394.49405
4/1/2019,94.05,94.8,91.65,92.1,40736,USD,3.85205,668.818945,0.892435,156917.1088,27245008.54,36354.23216
4/2/2019,92.35,92.55,91.25,91.65,22447,USD,3.853797,673.396279,0.892585,86506.18126,15115726.27,20035.8555
4/3/2019,91.65,95.85,91.3,95.35,48271,USD,3.869801,667.501071,0.889245,186799.1641,32220944.2,42924.7454
4/4/2019,95.2,96.95,94.5,95.3,43593,USD,3.857401,665.0977,0.890981,168155.6818,28993604.04,38840.53473
4/5/2019,94.8,95.75,93.05,93.2,35727,USD,3.875304,665.303912,0.89027,138452.986,23769312.86,31806.67629
4/8/2019,93.2,93.8,92.05,92.95,35230,USD,3.849705,663.999773,0.88841,135625.1072,23392712,31298.6843
4/9/2019,93.3,94.85,93.15,93.65,47969,USD,3.849501,664.699323,0.887665,184656.7135,31884961.82,42580.40239
4/10/2019,93.75,94.5,93.1,94.25,28264,USD,3.8255,662.398196,0.88683,108123.932,18722022.61,25065.36312
4/11/2019,94.1,94.3,90.15,90.25,62045,USD,3.857302,663.898058,0.88807,239326.3026,41191555.01,55100.30315
4/12/2019,90.8,91.15,89.35,90.4,33835,USD,3.881904,661.103912,0.88343,131344.2218,22368450.86,29890.85405
4/15/2019,90,91.7,89.85,91.4,34575,USD,3.8719,660.869527,0.884605,133870.9425,22849563.9,30585.21788
4/16/2019,91.05,91.55,89.8,90.5,19189,USD,3.905296,661.895025,0.886155,74938.72494,12701103.63,17004.4283
4/17/2019,90.2,90.75,86.35,87.05,26972,USD,3.938199,662.105048,0.885221,106221.1034,17858297.35,23876.18081
4/18/2019,87.05,91.5,87,90.2,15144,USD,3.928202,662.240014,0.890035,59488.69109,10028962.77,13478.69004
4/22/2019,90.5,93.2,90.5,91.1,583,USD,3.935597,664.470236,0.88821,2294.453051,387386.1476,517.82643
4/23/2019,92,92,90.1,91.5,175,USD,3.9198,667.898411,0.89095,685.965,116882.2219,155.91625
4/24/2019,91.65,92,90.25,90.45,157,USD,3.991098,672.897423,0.89661,626.602386,105644.8954,140.76777
4/25/2019,91.9,92,91.5,92.05,165,USD,3.954202,674.685009,0.897955,652.44333,111323.0265,148.162575
4/26/2019,92,92.4,91.85,92.7,33,USD,3.929904,675.103912,0.89578,129.686832,22278.4291,29.56074
4/29/2019,91.75,91.8,90.8,91.35,31,USD,3.945799,678.179965,0.89406,122.319769,21023.57892,27.71586
4/30/2019,91.35,93.85,91.35,91.85,126,USD,3.918397,677.69765,0.891596,493.718022,85389.9039,112.341096
5/1/2019,91.7,91.7,91.7,89.8,2,USD,3.920797,678.701907,0.892825,7.841594,1357.403814,1.78565
5/2/2019,90.98,92.75,90.78,90.25,0,USD,3.967699,682.302517,0.895005,0,0,0
5/3/2019,89.8,89.8,89.6,89.25,8,USD,3.939041,677.005041,0.89194,31.512328,5416.040328,7.13552
5/6/2019,93.5,93.5,89.43,88.8,1,USD,3.969697,679.304736,0.892745,3.969697,679.304736,0.892745
5/7/2019,87.65,87.65,87,86.65,26,USD,3.970198,684.596918,0.89365,103.225148,17799.51987,23.2349
5/8/2019,87.6,87.6,87.45,87.2,7,USD,3.927797,684.104997,0.893025,27.494579,4788.734979,6.251175
5/9/2019,88.6,88.6,87.5,89.5,3,USD,3.946897,684.995004,0.891301,11.840691,2054.985012,2.673903
5/10/2019,88.85,88.85,88.85,89.45,1,USD,3.957204,686.000361,0.890035,3.957204,686.000361,0.890035
5/13/2019,90.2,90.5,88.83,88.25,14,USD,3.99405,693.375014,0.89031,55.9167,9707.250196,12.46434
5/14/2019,90.08,92.6,90,89.55,0,USD,3.976602,692.403383,0.89253,0,0,0
5/15/2019,90.75,91.75,90.63,89.9,0,USD,4.001405,692.309982,0.89231,0,0,0
5/16/2019,89.7,89.7,89.7,90,4,USD,4.0477,693.995008,0.894987,16.1908,2775.980032,3.579948
5/17/2019,88.05,88.05,88.05,87.35,14,USD,4.099204,697.205041,0.89546,57.388856,9760.870574,12.53644
5/20/2019,88.15,88.2,86.75,88.25,41,USD,4.096403,695.894976,0.895403,167.952523,28531.69402,36.711523
5/21/2019,89.6,93.35,88.5,92.9,32021,USD,4.039499,695.798647,0.8956,129348.7975,22280168.48,28678.0076
5/22/2019,93,93.85,91.5,91.75,26077,USD,4.040399,697.514959,0.896455,105361.4847,18189097.59,23376.85704
5/23/2019,91.6,94,90.2,93.5,30162,USD,4.042302,696.395633,0.894125,121923.9129,21004685.08,26968.59825
5/24/2019,93.5,95,92.6,93.3,27512,USD,4.022604,693.920396,0.89234,110669.8812,19091137.93,24550.05808
5/28/2019,93.2,96.45,92.65,96.05,36411,USD,4.025102,707.502983,0.895403,146557.9889,25760891.11,32602.51863
5/29/2019,96.65,100.25,95.95,99.5,40276,USD,3.974898,704.801968,0.897915,160092.9918,28386604.06,36164.42454
5/30/2019,100.15,102.75,99.5,102.35,51085,USD,3.981495,709.674979,0.89841,203394.6721,36253746.3,45895.27485
5/31/2019,102.1,105.3,99.05,104.6,47250,USD,3.925041,709.680396,0.89298,185458.1873,33532398.71,42193.305
6/3/2019,104.85,105.65,103,103.75,54970,USD,3.885605,704.000188,0.88921,213591.7069,38698890.33,48879.8737
6/4/2019,103.25,106.15,102.7,105.65,43489,USD,3.8551,693.285012,0.888603,167654.4439,30150271.89,38644.45587
6/5/2019,105.35,105.6,97.9,99.1,60415,USD,3.880904,692.995023,0.89058,234464.8152,41867294.31,53804.3907
6/6/2019,99,102.55,98.6,102.05,36389,USD,3.879896,692.6894,0.88683,141185.5355,25206274.58,32270.85687
6/7/2019,102.05,103.3,100.05,100.95,35111,USD,3.877504,693.000361,0.881715,136143.0429,24331935.68,30957.89537
6/10/2019,100.15,100.75,98,98.6,46331,USD,3.885998,699.804987,0.88357,180042.1733,32422664.85,40936.68167
6/11/2019,98.1,100.45,96.85,97,39467,USD,3.856597,693.280142,0.88268,152208.3138,27361687.36,34836.73156
6/12/2019,97.15,99.2,96.75,99.05,31368,USD,3.8674,695.697478,0.885502,121312.6032,21822638.49,27776.42674
6/13/2019,99.1,99.7,97.3,97.35,28587,USD,3.8497,696.295008,0.88652,110051.3739,19904985.39,25342.94724
6/14/2019,97.4,98,95.85,96,27578,USD,3.896504,699.505041,0.88988,107457.7873,19290950.02,24541.11064
6/17/2019,95.8,96.8,94.85,96.05,15748,USD,3.888502,699.595017,0.89093,61236.1295,11017222.33,14030.36564
6/18/2019,95.85,96,94,94.3,9770,USD,3.860957,696.00025,0.89302,37721.54989,6799922.443,8724.8054
6/19/2019,94.45,97.45,94.35,96.25,9586,USD,3.83895,691.094986,0.890226,36800.1747,6624836.536,8533.706436
6/20/2019,98,101.1,98,101.05,1245,USD,3.839198,683.905033,0.88533,4779.80151,851461.7661,1102.23585
6/21/2019,102.05,102.05,99.4,99.8,277,USD,3.822041,683.695041,0.877535,1058.705357,189383.5264,243.077195
6/24/2019,99.3,102.4,99,102,218,USD,3.827097,680.783762,0.8772,834.307146,148410.8601,191.2296
6/25/2019,103,105.35,103,106.45,94,USD,3.846996,681.802396,0.879625,361.617624,64089.42522,82.68475
6/26/2019,104.7,107.15,104.45,104.9,49,USD,3.844399,678.893708,0.87917,188.375551,33265.79169,43.07933
6/27/2019,105.2,105.8,105,105.55,16,USD,3.819501,680.204974,0.879395,61.112016,10883.27958,14.07032
6/28/2019,106.9,109,106.35,108.25,50,USD,3.851041,677.503912,0.878005,192.55205,33875.1956,43.90025
7/1/2019,112.55,112.55,109.6,110.15,47,USD,3.841099,680.494965,0.88597,180.531653,31983.26336,41.64059
7/2/2019,110.35,110.35,108.6,108.25,88,USD,3.845399,680.405033,0.885697,338.395112,59875.6429,77.941336
7/3/2019,110.1,112.15,108.3,112.25,5,USD,3.826503,678.402635,0.886015,19.132515,3392.013175,4.430075
7/5/2019,112.55,112.55,110.4,109.45,15,USD,3.822041,684.005041,0.89035,57.330615,10260.07562,13.35525
7/8/2019,113.05,113.05,105.5,104.75,27,USD,3.802699,687.880101,0.89161,102.672873,18572.76273,24.07347
7/9/2019,106.43,108.3,105.35,105.9,0,USD,3.800494,688.294993,0.892398,0,0,0
7/10/2019,107.68,109.3,105.58,104.35,2,USD,3.75385,686.04499,0.888225,7.5077,1372.08998,1.77645
7/11/2019,106.05,106.05,106.05,105.5,1,USD,3.756304,680.870177,0.8889,3.756304,680.870177,0.8889
7/12/2019,107.2,107.88,106.08,105.2,1,USD,3.738404,679.810396,0.885935,3.738404,679.810396,0.885935
7/15/2019,106.55,110.65,104.53,108.8,0,USD,3.755203,679.291317,0.88799,0,0,0
7/16/2019,110.18,110.18,105.45,104.1,6,USD,3.768703,682.114973,0.89191,22.612218,4092.689838,5.35146
7/17/2019,106.35,107.9,105.5,105.95,2,USD,3.763299,682.097109,0.890698,7.526598,1364.194218,1.781396
7/18/2019,105.3,105.3,105.3,107.15,2,USD,3.718894,683.215111,0.88801,7.437788,1366.430222,1.77602
7/19/2019,108.68,109.88,107.03,105.85,0,USD,3.748204,688.303912,0.890195,0,0,0
7/22/2019,106.7,108,105,105.1,19290,USD,3.741297,689.595052,0.892398,72169.61913,13302288.55,17214.35742
7/23/2019,105.15,105.6,102.15,102.3,26107,USD,3.773905,691.701804,0.896765,98525.33784,18058259,23411.84386
7/24/2019,102.45,103.65,100.55,101,31143,USD,3.772797,691.598925,0.897501,117496.217,21538465.32,27950.87364
7/25/2019,101.35,101.65,100.3,100.65,20320,USD,3.778801,696.784995,0.897203,76785.23632,14158671.1,18231.16496
7/26/2019,100.6,102.65,99.05,99.75,27622,USD,3.776204,695.195041,0.89706,104306.3069,19202677.42,24778.59132
7/29/2019,99.75,102.45,98.75,101.15,25632,USD,3.781602,696.60089,0.897455,96930.02246,17855274.01,23003.56656
7/30/2019,101.05,101.15,98.8,99.5,19260,USD,3.790806,699.198917,0.896255,73010.92356,13466571.14,17261.8713
7/31/2019,99.1,100.45,98.1,99.65,24465,USD,3.813198,703.605002,0.903235,93289.88907,17213696.37,22097.64428
8/1/2019,97.85,98.45,96.4,97.25,24406,USD,3.838801,706.495003,0.902655,93689.77721,17242717.04,22030.19793
8/2/2019,97.15,98.95,96.75,98.15,24202,USD,3.887304,713.105041,0.89851,94080.53141,17258568.2,21745.73902
8/5/2019,98.3,98.7,94.3,95.65,24429,USD,3.974598,721.187957,0.88941,97095.45454,17617900.6,21727.39689
8/6/2019,95.75,97.75,95.2,97.05,26450,USD,3.960198,714.795021,0.892499,104747.2371,18906328.31,23606.59855
8/7/2019,96.8,97.7,96.05,96.9,25949,USD,3.968901,714.295038,0.89255,102989.012,18535241.94,23160.77995
8/8/2019,97.4,98.9,96.55,97.4,35696,USD,3.919102,709.999946,0.89391,139896.265,25344158.07,31909.01136
8/9/2019,97.2,98.1,96.65,97.3,31111,USD,3.941704,710.120396,0.884055,122630.3531,22092555.64,27503.83511
8/12/2019,97.2,97.25,93.4,93.75,40125,USD,3.985402,713.955016,0.891605,159914.2553,28647445.02,35775.65063
8/13/2019,93.7,96.6,93.15,96.35,30652,USD,3.963902,704.084977,0.89472,121501.5241,21581612.72,27424.95744
8/14/2019,95.85,96.4,94,94.45,17294,USD,4.0518,711.305026,0.89743,70071.8292,12301309.12,15520.15442
8/15/2019,94.4,95.7,94.15,94.55,11795,USD,3.9916,710.904977,0.899233,47080.922,8385124.204,10606.45323
8/16/2019,94.9,95.05,92.6,92.85,5806,USD,4.005904,708.095041,0.90135,23258.27862,4111199.808,5233.2381
8/19/2019,92.8,93.65,91.05,91.15,8234,USD,4.074698,713.205006,0.902299,33551.06333,5872530.019,7429.529966
8/20/2019,91.35,91.8,89.6,91.45,12093,USD,4.0532,709.198782,0.90111,49015.3476,8576340.871,10897.12323
8/21/2019,91.65,93.85,91.65,92.85,16534,USD,4.025498,711.500177,0.901685,66557.58393,11763943.93,14908.45979
8/22/2019,93.15,93.6,92.25,93.5,114,USD,4.069501,715.295012,0.902235,463.923114,81543.63137,102.85479
8/23/2019,92.85,92.85,92,92.6,21,USD,4.120204,719.695041,0.88964,86.524284,15113.59586,18.68244
8/26/2019,92.15,94.85,92.15,94.15,28,USD,4.155102,719.930121,0.900799,116.342856,20158.04339,25.222372
8/27/2019,93.85,93.85,93.4,93.8,9,USD,4.12645,723.209852,0.901745,37.13805,6508.888668,8.115705
8/28/2019,93,93.9,92.85,94.2,8,USD,4.1692,723.674967,0.90208,33.3536,5789.399736,7.21664
8/29/2019,93.35,93.35,93.35,91.9,13,USD,4.169605,720.894981,0.904198,54.204865,9371.634753,11.754574
8/30/2019,93.3,93.3,93.3,93.6,8,USD,4.145404,721.285041,0.908225,33.163232,5770.280328,7.2658
9/3/2019,95.23,96.6,94.23,92.35,0,USD,4.166602,725.295026,0.911401,0,0,0
9/4/2019,95.8,96.95,95.53,93.4,0,USD,4.094704,723.195472,0.90622,0,0,0
9/5/2019,96.88,97.45,95.08,92.2,0,USD,4.107498,715.281732,0.906296,0,0,0
9/6/2019,95.18,97.35,95.03,93.85,0,USD,4.061904,711.695041,0.89827,0,0,0
9/9/2019,96.88,99.2,95.38,95,0,USD,4.094901,715.005033,0.90514,0,0,0
9/10/2019,98.68,102.25,98.03,98.35,0,USD,4.080968,712.414975,0.90498,0,0,0
9/11/2019,101.15,101.15,101.15,100.15,1,USD,4.06785,715.896392,0.90801,4.06785,715.896392,0.90801
9/12/2019,102.68,103.85,101.18,100.35,0,USD,4.060397,708.984982,0.904502,0,0,0
9/13/2019,103.23,103.6,102.08,99.5,0,USD,4.085104,707.505041,0.89634,0,0,0
9/16/2019,102,104.9,101.68,100.8,0,USD,4.080803,710.000129,0.908797,0,0,0
9/17/2019,103.6,104.05,99.98,96.85,0,USD,4.077502,715.602223,0.90299,0,0,0
9/18/2019,100.83,101.83,100.13,96.85,0,USD,4.110896,716.095002,0.906702,0,0,0
9/19/2019,100.35,100.75,98.1,98.35,17599,USD,4.168103,716.20504,0.905301,73354.4447,12604492.5,15932.3923
9/20/2019,98.5,99.75,98.05,98.4,22016,USD,4.147204,717.705041,0.907855,91304.84326,15800994.18,19987.33568
9/23/2019,98.5,100.9,98.15,99,17158,USD,4.162984,721.689776,0.90964,71428.47947,12382753.18,15607.60312
9/24/2019,98.85,100.35,98.45,99.15,13620,USD,4.163197,723.704969,0.907896,56702.74314,9856861.678,12365.54352
9/25/2019,98.9,101.55,97.25,100.95,24939,USD,4.148601,727.394992,0.913035,103461.9603,18140503.71,22770.17987
9/26/2019,101.4,102.9,100.05,100.85,17306,USD,4.170697,727.201579,0.91555,72178.08228,12584950.53,15844.5083
9/27/2019,100.5,101.9,100.4,100.9,14126,USD,4.159104,726.285041,0.91399,58751.5031,10259502.49,12911.02274
9/30/2019,100.5,102.45,99.3,101.15,21746,USD,4.156299,728.619669,0.917495,90382.87805,15844563.32,19951.84627
10/1/2019,101.05,101.6,99.65,101.35,16903,USD,4.1561,729.394972,0.914535,70250.5583,12328963.21,15458.38511
10/2/2019,101,101.7,100.15,100.6,13658,USD,4.12805,724.804993,0.912296,56380.9069,9899386.594,12460.13877
10/3/2019,100.5,102.9,99.15,102.05,21305,USD,4.0844,716.610431,0.91117,87018.142,15267385.23,19412.47685
10/4/2019,102.05,102.5,98.5,99,23556,USD,4.057104,715.303912,0.91075,95569.14182,16849698.95,21453.627
10/7/2019,98.9,99.15,96.6,97,30596,USD,4.106601,718.919797,0.911435,125645.5642,21996070.11,27886.26526
10/8/2019,97.1,97.8,95.5,95.7,24754,USD,4.09455,724.690238,0.912435,101356.4907,17938982.15,22586.41599
10/9/2019,95.65,96.6,95.05,95.45,18927,USD,4.109797,724.004961,0.910297,77786.12782,13703241.9,17229.19132
10/10/2019,95.6,96.1,93.05,93.5,31307,USD,4.109898,719.000042,0.90821,128668.5767,22509734.31,28433.33047
10/11/2019,94.25,94.35,92.2,93.7,30548,USD,4.113304,710.505041,0.90621,125653.2106,21704507.99,27682.90308
10/14/2019,93.5,95.6,93.4,94.85,20416,USD,4.125199,714.505413,0.906897,84220.06278,14587342.51,18515.20915
10/15/2019,94.9,95.4,93.95,94.45,23097,USD,4.180104,715.99964,0.90626,96547.86209,16537443.69,20931.88722
10/16/2019,94.05,94.4,92.25,93.55,22369,USD,4.150099,717.097134,0.90298,92833.56453,16040745.79,20198.75962
10/17/2019,93.45,94.7,92.35,92.9,19941,USD,4.162604,711.704435,0.898898,83006.48636,14192098.14,17924.92502
10/18/2019,92.65,96.2,92.55,95.7,24920,USD,4.112704,710.703912,0.895656,102488.5837,17710741.49,22319.74752
10/21/2019,96.05,97,94.5,96.35,22191,USD,4.128351,726.200338,0.896765,91612.23704,16115111.7,19900.11212
10/22/2019,95.55,99.1,95.55,98.9,25210,USD,4.079902,725.193384,0.89856,102854.3294,18282125.21,22652.6976
10/23/2019,98.8,98.9,97.4,97.75,18746,USD,4.034602,726.50114,0.89831,75632.64909,13618990.37,16839.71926
10/24/2019,97.75,98.45,96,96.45,20092,USD,4.040801,724.698692,0.900609,81187.77369,14560646.12,18095.03603
10/25/2019,95.65,99.85,95.65,99.45,31372,USD,4.004504,727.000361,0.902486,125629.2995,22807455.33,28312.79079
10/28/2019,99.15,100.8,98.2,100.5,26594,USD,3.990301,724.698722,0.901007,106118.0648,19272637.81,23961.38016
10/29/2019,100.5,101.8,98.7,98.95,30089,USD,3.998201,728.585115,0.899899,120301.8699,21922397.53,27077.06101
10/30/2019,98.7,100.35,97.05,99.35,26926,USD,3.987697,741.806315,0.896697,107372.7294,19973876.84,24144.46342
10/31/2019,99.4,102.25,99.4,101.95,30196,USD,4.017504,744.10406,0.896321,121312.5508,22468966.2,27065.30892
11/1/2019,102.15,104.3,101.1,104,31183,USD,3.990304,742.403912,0.893455,124429.6496,23150381.19,27860.60726
11/4/2019,104,104.75,102.65,103.65,41525,USD,4.0123,742.883085,0.898625,166610.7575,30848220.1,37315.40313
11/5/2019,103.55,106.05,102.8,105.8,42922,USD,3.9935,749.103861,0.90303,171409.007,32153035.92,38759.85366
11/6/2019,105.8,108.2,105.05,108,52731,USD,4.083801,742.097847,0.90334,215342.9105,39131561.57,47634.02154
11/7/2019,107.85,109.6,106.85,109.1,54063,USD,4.101033,742.794475,0.904789,221714.1471,40157697.7,48915.60771
11/8/2019,108.75,109.9,108.3,109.45,38484,USD,4.163504,749.000361,0.907528,160228.2879,28824529.89,34925.30755
11/11/2019,108.3,108.9,105.5,106,41346,USD,4.152801,762.265629,0.906197,171701.7101,31516634.7,37467.62116
11/12/2019,106.15,107.45,104.8,105.6,30605,USD,4.169397,780.495399,0.908101,127604.3952,23887061.69,27792.43111
11/13/2019,105.65,108.2,105.55,107.95,25674,USD,4.170098,795.503224,0.908198,107063.0961,20423749.77,23317.07545
11/14/2019,108.1,109.55,106.6,108.05,14840,USD,4.195796,803.399235,0.90744,62265.61264,11922444.65,13466.4096
11/15/2019,107.6,107.9,105.6,106.15,10116,USD,4.196204,775.403912,0.904773,42448.79966,7843985.974,9152.683668
11/18/2019,105.55,107.2,105.15,105.55,18912,USD,4.217899,776.615562,0.903185,79768.90589,14687353.51,17081.03472
11/19/2019,105.3,106.6,102.5,102.7,19432,USD,4.1932,789.594317,0.902649,81482.2624,15343396.77,17540.27537
11/20/2019,105.9,109.8,105.45,109.7,544,USD,4.196497,792.802522,0.90265,2282.894368,431284.572,491.0416
11/21/2019,109.3,115.75,108.1,115.25,91,USD,4.193207,797.796581,0.903705,381.581837,72599.48887,82.237155
11/22/2019,114.2,114.5,113.9,114.6,61,USD,4.196504,800.103912,0.907441,255.986744,48806.33863,55.353901
11/25/2019,114.45,117.8,114.45,117.8,28,USD,4.226903,828.789287,0.908098,118.353284,23206.10004,25.426744
11/26/2019,117.75,117.75,115,115.7,19,USD,4.233297,798.697333,0.907265,80.432643,15175.24933,17.238035
11/27/2019,116.93,118.9,115.83,117.3,0,USD,4.264197,819.201753,0.90872,0,0,0
11/29/2019,117.95,118,117.95,118.55,63,USD,4.24025,857.903912,0.907573,267.13575,54047.94646,57.177099
12/2/2019,118,122,118,121.5,35,USD,4.223799,803.811096,0.902795,147.832965,28133.38836,31.597825
12/3/2019,121.75,123.5,121.75,122.85,6,USD,4.2055,803.500918,0.9023,25.233,4821.005508,5.4138
12/4/2019,123.2,123.35,120.95,120.6,26,USD,4.207702,787.497258,0.90231,109.400252,20474.92871,23.46006
12/5/2019,121.45,124.4,121.45,123.95,77,USD,4.186105,783.176996,0.90049,322.330085,60304.62869,69.33773
12/6/2019,125.1,126.15,123,123.7,31,USD,4.141404,777.703912,0.904159,128.383524,24108.82127,28.028929
12/9/2019,128.25,128.25,128.25,127.3,1,USD,4.142697,777.749762,0.9038,4.142697,777.749762,0.9038
12/10/2019,129.6,130.85,129.6,132.05,39,USD,4.146102,779.097764,0.90152,161.697978,30384.8128,35.15928
12/11/2019,134.45,134.45,134.45,133.85,35,USD,4.125198,769.999967,0.898201,144.38193,26949.99885,31.437035
12/12/2019,135.2,137,134.85,135.9,8,USD,4.090824,768.401212,0.893992,32.726592,6147.209696,7.151936
12/13/2019,138.2,138.4,134.55,129.45,62,USD,4.108404,764.403912,0.89924,254.721048,47393.04254,55.75288
12/16/2019,135.85,135.85,135.85,135.8,2,USD,4.063398,761.501567,0.89794,8.126796,1523.003134,1.79588
12/17/2019,132.9,132.9,131.9,132.2,17,USD,4.071697,757.702842,0.896846,69.218849,12880.94831,15.246382
12/18/2019,134.08,135.44,130.25,131.7,0,USD,4.063262,751.707612,0.89965,0,0,0
12/19/2019,133.35,133.35,126.2,127.2,30472,USD,4.070402,754.301661,0.899023,124033.2897,22985080.21,27395.02886
12/20/2019,126.9,131.05,126.3,130.7,19029,USD,4.100474,756.903912,0.902685,78027.91975,14403124.54,17177.19287
12/23/2019,130.4,131.5,124.9,125.3,23911,USD,4.083502,753.09797,0.901596,97640.61632,18007325.56,21558.06196
12/24/2019,126.05,130.65,125.35,129.4,15731,USD,4.084297,749.796248,0.901898,64250.07611,11795044.78,14187.75744
12/26/2019,129.4,129.85,126.65,127.3,8886,USD,4.054899,747.000356,0.90084,36031.83251,6637845.163,8004.86424
12/27/2019,127.85,132.8,127.65,132.5,23561,USD,4.046632,748.903912,0.895037,95342.69655,17644925.07,21087.96676
12/30/2019,132.5,132.75,129.8,132.15,15437,USD,4.019281,732.717817,0.892698,62045.6408,11310964.94,13780.57903
12/31/2019,131.5,134.65,128.55,129.7,17376,USD,4.019969,739.403125,0.891273,69850.98134,12847868.7,15486.75965
1/2/2020,129.55,130.95,126.5,127.1,21506,USD,4.024897,749.801353,0.895185,86559.43488,16125227.9,19251.84861
1/3/2020,127.2,128.45,125.45,126.35,16566,USD,4.066804,764.303912,0.896057,67370.67506,12661458.61,14844.08026
1/6/2020,126.25,126.55,121.55,122.15,24428,USD,4.061898,774.29673,0.893136,99224.04434,18914520.52,21817.52621
1/7/2020,122.6,123.4,119.85,122.4,21308,USD,4.067699,770.051286,0.896525,86674.53029,16408252.8,19103.1547
1/8/2020,122.5,123.05,118.25,119.15,23061,USD,4.064398,758.000256,0.899865,93729.08228,17480243.9,20751.78677
1/9/2020,118.7,120.35,117,117.35,24637,USD,4.093604,768.302664,0.900197,100854.1217,18928672.73,22178.15349
1/10/2020,117.75,119.15,116.5,118.95,21165,USD,4.095804,773.803912,0.899304,86687.69166,16377559.8,19033.76916
1/13/2020,118.55,118.55,114.15,114.55,22280,USD,4.147296,774.901353,0.89804,92401.75488,17264802.14,20008.3312
1/14/2020,115,115.55,113.7,114.9,18618,USD,4.132902,769.795264,0.898604,76946.36944,14332048.23,16730.20927
1/15/2020,115.3,116.35,114.05,114.3,24677,USD,4.175702,775.301767,0.89666,103043.7983,19132121.7,22126.87882
1/16/2020,114.3,115.1,112.35,112.95,16708,USD,4.185104,777.096685,0.897902,69924.71763,12983731.41,15002.14662
1/17/2020,113.05,113.4,111.35,112.15,17839,USD,4.161904,774.000361,0.901665,74244.20546,13807392.44,16084.80194
1/21/2020,111.5,113.25,109.75,111.05,32011,USD,4.2124,774.899323,0.90211,134843.1364,24805302.23,28877.44321
1/22/2020,111.5,112.2,110.1,111,18581,USD,4.182798,771.39649,0.901225,77720.56964,14333318.18,16745.66173
1/23/2020,111.15,113.7,110.65,112.6,22898,USD,4.170597,777.00028,0.90458,95498.33011,17791752.41,20713.07284
1/24/2020,112.6,112.65,109.85,110.15,23990,USD,4.181404,777.303912,0.90703,100311.882,18647520.85,21759.6497
1/27/2020,110,110,106.15,106.6,25500,USD,4.207698,788.199758,0.907495,107296.299,20099093.83,23141.1225
1/28/2020,106.4,106.8,104.9,105.05,23885,USD,4.194901,785.760217,0.90726,100195.2104,18767882.78,21669.9051
1/29/2020,106,106.2,101.9,102.05,32681,USD,4.230398,792.789851,0.907899,138253.637,25909165.12,29671.04722
1/30/2020,102,103.5,100.9,101.5,24626,USD,4.243701,797.291627,0.90672,104505.3808,19634103.61,22328.88672
1/31/2020,101.45,103.25,100.15,102.65,23166,USD,4.282504,800.303912,0.901299,99208.48766,18539840.43,20879.49263
2/3/2020,102,102.3,97.8,97.9,31237,USD,4.248299,787.49567,0.90395,132704.1159,24599002.24,28236.68615
2/4/2020,98.95,101.75,97.6,98.15,29518,USD,4.255201,781.707367,0.905398,125605.0231,23074438.06,26725.53816
2/5/2020,98.5,99.25,97.55,97.75,29230,USD,4.235196,776.697382,0.909097,123794.7791,22702864.48,26572.90531
2/6/2020,98.45,99.35,97.4,98.15,34189,USD,4.2823,783.794218,0.910701,146407.5547,26797140.52,31135.95649
2/7/2020,98.35,99.9,97.7,98.35,23661,USD,4.320604,792.203912,0.913618,102229.8112,18744336.76,21617.1155
2/10/2020,98.55,100.7,98.05,100.3,45770,USD,4.324641,794.198726,0.916498,197938.8186,36350475.69,41948.11346
2/11/2020,100.65,101.2,99.5,100.5,36364,USD,4.331442,791.804195,0.915835,157508.5569,28793167.75,33303.42394
2/12/2020,101,102.3,100,100.65,36213,USD,4.355965,791.505819,0.919495,157742.5605,28662800.22,33297.67244
2/13/2020,100.5,104.65,99.95,104.45,28558,USD,4.350457,794.096439,0.922201,124240.351,22677806.1,26336.21616
2/14/2020,104.15,109.4,103.65,109.1,9664,USD,4.297604,792.000361,0.923289,41532.04506,7653891.489,8922.664896
2/18/2020,109.7,111.5,104.4,106.55,14616,USD,4.356304,797.383762,0.926365,63671.73926,11654561.07,13539.75084
2/19/2020,106.3,107.75,105.5,106.8,17063,USD,4.365497,797.197068,0.925069,74488.47531,13602573.57,15784.45235
2/20/2020,107.05,107.05,104,103.6,721,USD,4.3938,807.769215,0.926977,3167.9298,582401.604,668.350417
2/21/2020,104.6,109.7,104.6,108.85,26,USD,4.389604,803.803912,0.92191,114.129704,20898.90171,23.96966
2/24/2020,105.45,107.05,102.9,105.9,878,USD,4.388094,808.498032,0.921748,3852.746532,709861.2721,809.294744
2/25/2020,106.45,107.7,103.9,107.1,104,USD,4.388298,812.604135,0.919075,456.382992,84510.83004,95.5838
2/26/2020,105.35,109.35,105.35,109.1,17,USD,4.4506,812.501546,0.918675,75.6602,13812.52628,15.617475
2/27/2020,109.9,110.8,107.8,108.2,412,USD,4.486299,814.498884,0.90935,1848.355188,335573.5402,374.6522
2/28/2020,107.75,109.95,107.75,110.1,110,USD,4.473054,817.903912,0.906833,492.03594,89969.43032,99.75163
3/2/2020,112.75,113.7,112.75,114.65,17,USD,4.473902,812.999973,0.897371,76.056334,13820.99954,15.255307
3/3/2020,118.7,120.75,118.3,121.05,119,USD,4.514699,814.297658,0.894598,537.249181,96901.4213,106.457162
3/4/2020,118.85,118.85,118.85,117.15,62,USD,4.5849,819.898965,0.897785,284.2638,50833.73583,55.66267
3/5/2020,115,115.45,115,109.85,82,USD,4.6077,825.378575,0.89099,377.8314,67681.04315,73.06118
3/6/2020,105.6,106.2,105.6,105.6,42,USD,4.62665,826.603912,0.886038,194.3193,34717.3643,37.213596
3/9/2020,103.7,109.65,103.7,108.95,36,USD,4.724403,839.298999,0.877385,170.078508,30214.76396,31.58586
3/10/2020,111.3,114.45,111.3,114.25,92,USD,4.643602,834.096125,0.883669,427.211384,76736.8435,81.297548
3/11/2020,114.3,116.08,111.53,111.55,0,USD,4.815298,841.79982,0.88802,0,0,0
3/12/2020,109.23,110.5,107.43,109.15,0,USD,4.791703,851.498173,0.89416,0,0,0
3/13/2020,111.15,111.35,107.5,107.05,62,USD,4.859604,839.000361,0.897545,301.295448,52018.02238,55.64779
3/16/2020,107.05,107.05,104.85,103.9,4,USD,5.0005,853.301488,0.896024,20.002,3413.205952,3.584096
3/17/2020,104.4,104.4,102.8,102.9,13,USD,5.011201,848.300226,0.90789,65.145613,11027.90294,11.80257
3/18/2020,108.2,108.2,108.2,108.05,18,USD,5.107612,868.000275,0.91234,91.937016,15624.00495,16.42212
3/19/2020,114.15,114.15,111.5,116.65,37,USD,5.095701,862.303002,0.938435,188.540937,31905.21107,34.722095
3/20/2020,114,120.05,114,119.7,24832,USD,5.063904,863.303912,0.929152,125746.8641,21437562.74,23072.70246
3/23/2020,120.65,124.9,116.6,121.25,26987,USD,5.143198,860.70163,0.929015,138799.4844,23227754.89,25071.32781
3/24/2020,121.45,126.05,120.8,125.6,21152,USD,5.099601,845.404586,0.92574,107866.7604,17881997.8,19581.25248
3/25/2020,126.2,130.4,122.35,129.95,25571,USD,5.035197,846.847361,0.91835,128755.0225,21654733.87,23483.12785
3/26/2020,128.4,130.65,124.05,124.65,17978,USD,5.024098,829.403045,0.90516,90323.23384,14911007.94,16272.96648
3/27/2020,123.35,123.35,115.65,115.85,19516,USD,5.100504,830.603912,0.895504,99541.43606,16210065.95,17476.65606
3/30/2020,116.2,120.85,116.2,119.3,14430,USD,5.194203,859.701015,0.90665,74952.34929,12405485.65,13082.9595
3/31/2020,118.65,120.4,116.4,119.55,14185,USD,5.204986,856.697052,0.906935,73832.72641,12152247.68,12864.87298
4/1/2020,117.75,119,114.1,116,17245,USD,5.249706,865.897378,0.91299,90531.17997,14932400.28,15744.51255
4/2/2020,116.85,120.1,116.6,119.35,17216,USD,5.256797,862.9008,0.921945,90501.01715,14855700.17,15872.20512
4/3/2020,118.55,119.2,114.3,114.9,15077,USD,5.346768,865.503912,0.925555,80613.22114,13049202.48,13954.59274
4/6/2020,114.85,117.8,112.4,116.65,18789,USD,5.286805,850.601015,0.925799,99333.77915,15981942.47,17394.83741
4/7/2020,117.05,120.9,117,119.9,22940,USD,5.223199,859.430108,0.91789,119820.1851,19715326.68,21056.3966
4/8/2020,120,120.75,118.05,119.8,20568,USD,5.124975,844.603454,0.920705,105410.4858,17371803.84,18937.06044
4/9/2020,120,122,116.9,118.6,21970,USD,5.107301,842.298726,0.915265,112207.403,18505303.01,20108.37205
4/13/2020,118.95,120.6,116.6,119.75,14231,USD,5.201445,850.200846,0.915701,74021.76379,12099208.24,13031.34093
4/14/2020,119.9,120.35,115.75,117.2,14615,USD,5.163503,849.557375,0.91035,75464.59635,12416281.04,13304.76525
4/15/2020,117,121.2,114.6,120.2,9063,USD,5.238496,857.130108,0.917027,47476.48925,7768170.169,8311.015701
4/16/2020,119.85,120.85,117.9,118.6,7041,USD,5.232403,852.701917,0.92099,36841.34952,6003874.198,6484.69059
4/17/2020,118.3,119.6,115.7,116.05,10691,USD,5.234204,853.303912,0.91954,55958.87496,9122672.123,9830.80214
4/20/2020,116.3,116.75,113.05,113.65,5968,USD,5.316904,857.700258,0.920425,31731.28307,5118755.14,5493.0964
4/21/2020,113,113.55,109.35,109.65,8794,USD,5.316505,858.797786,0.92117,46753.34497,7552267.73,8100.76898
4/22/2020,109.65,112.1,109.65,110.6,124,USD,5.458402,858.799227,0.925303,676.841848,106491.1041,114.737572
4/23/2020,112,113.6,110.65,111.05,39,USD,5.534596,860.398439,0.928096,215.849244,33555.53912,36.195744
4/24/2020,109.45,109.45,105,105.2,35,USD,5.59345,857.403912,0.923788,195.77075,30009.13692,32.33258
4/27/2020,107,107,104.3,104.6,32,USD,5.654102,857.60548,0.924034,180.931264,27443.37536,29.569088
4/28/2020,106.65,108.95,105.95,105.7,0,USD,5.498898,844.697792,0.92298,0,0,0
4/29/2020,104.05,104.1,103.5,103.65,16,USD,5.3363,834.599723,0.919385,85.3808,13353.59557,14.71016
4/30/2020,103.75,104.1,102.65,104.65,14,USD,5.487498,835.097666,0.91366,76.824972,11691.36732,12.79124
5/1/2020,104.25,104.25,103.7,104.45,2,USD,5.487304,834.703912,0.901429,10.974608,1669.407824,1.802858
5/4/2020,103.9,103.9,103.4,105.55,2,USD,5.542098,838.198488,0.91712,11.084196,1676.396976,1.83424
5/5/2020,108.3,108.3,108.3,108.85,49,USD,5.579596,835.202101,0.92266,273.400204,40924.90295,45.21034
5/6/2020,107.8,109.15,107.75,109.35,6,USD,5.7167,843.102072,0.926085,34.3002,5058.612432,5.55651
5/7/2020,107,107,104.6,107.45,4,USD,5.832411,838.501861,0.92278,23.329644,3354.007444,3.69112
5/8/2020,108.25,109.4,108.25,110.1,2,USD,5.732404,825.803912,0.911536,11.464808,1651.607824,1.823072
5/11/2020,108.2,108.2,108.2,108.95,10,USD,5.818599,823.999764,0.925155,58.18599,8239.99764,9.25155
5/12/2020,107.75,107.75,107.75,105.6,1,USD,5.886297,825.000115,0.92197,5.886297,825.000115,0.92197
5/13/2020,104.5,104.5,103.65,103.55,57,USD,5.887898,817.295264,0.924103,335.610186,46585.83005,52.673871
5/14/2020,105.35,105.35,105.35,104.9,4,USD,5.811012,822.298339,0.92536,23.244048,3289.193356,3.70144
5/15/2020,105,105,105,104.8,1,USD,5.856671,827.703912,0.924078,5.856671,827.703912,0.924078
5/18/2020,106.65,108.08,105.03,105.7,0,USD,5.720502,819.500729,0.916196,0,0,0
5/19/2020,107.5,108.7,106.3,107.05,11518,USD,5.7567,819.302091,0.915303,66305.6706,9436721.484,10542.45995
5/20/2020,106.75,107.65,105.3,105.65,12399,USD,5.691973,803.906901,0.9107,70574.77323,9967641.665,11291.7693
5/21/2020,105.75,106.75,104.2,104.75,19211,USD,5.553897,804.695805,0.913201,106695.9153,15459011.11,17543.50441
5/22/2020,104.75,105.15,102.35,103.6,18541,USD,5.530204,808.503912,0.917389,102535.5124,14990471.03,17009.30945
5/26/2020,104.65,107.1,104.2,105.1,18345,USD,5.345498,807.187415,0.910802,98063.16081,14807853.13,16708.66269
5/27/2020,105.15,106,101.45,102.5,20950,USD,5.274302,820.404675,0.90773,110496.6269,17187477.94,19016.9435
5/28/2020,102.3,102.55,98.55,99.1,21073,USD,5.405096,808.598106,0.90263,113901.588,17039587.89,19021.12199
5/29/2020,99.2,100.05,95.85,96.3,23795,USD,5.334904,799.000361,0.900495,126944.0407,19012213.59,21427.27853
6/1/2020,95.85,99,94.8,98.3,26971,USD,5.368,792.81272,0.89883,144780.328,21382951.87,24242.34393
6/2/2020,98.45,99.7,97.35,98.2,17761,USD,5.200795,777.302334,0.89385,92371.32,13805666.75,15875.66985
6/3/2020,98.5,100.75,97.9,99.1,16879,USD,5.0631,785.705338,0.890099,85460.0649,13261920.4,15023.98102
6/4/2020,98.9,98.95,96.25,98.15,13953,USD,5.118701,770.898739,0.882101,71421.23505,10756350.11,12307.95525
6/5/2020,98.55,99.75,97.05,98.9,16818,USD,4.965428,766.625041,0.885665,83508.5681,12893099.94,14895.11397
6/8/2020,99.25,99.65,97.55,98.9,26561,USD,4.823096,767.612991,0.884545,128106.2529,20388568.65,23494.39975
6/9/2020,99.2,99.45,97.25,97.8,22764,USD,4.8999,769.897055,0.882465,111541.3236,17525936.56,20088.43326
6/10/2020,97.9,98.65,96.4,96.75,24680,USD,4.9737,773.49855,0.879885,122750.916,19089944.21,21715.5618
6/11/2020,96.2,97.65,94.6,96,27278,USD,4.976501,792.8029,0.885915,135748.9943,21626077.51,24165.98937
6/12/2020,96.35,97.8,94.9,95.2,18281,USD,5.049304,792.203912,0.888324,92306.32642,14482279.72,16239.45104
6/15/2020,94.2,95.25,92.7,94,22016,USD,5.156124,783.301816,0.882035,113517.226,17245172.78,19418.88256
6/16/2020,94.65,95.45,92.75,93.65,11584,USD,5.245104,784.29757,0.88768,60759.28474,9085303.051,10282.88512
6/17/2020,93.25,96.8,93.15,96.25,12234,USD,5.2294,801.597997,0.88948,63976.4796,9806749.895,10881.89832
6/18/2020,97,97.05,94.4,94.6,16437,USD,5.378696,817.499526,0.8921,88409.62615,13437239.71,14663.4477
6/19/2020,94.3,95.3,93.45,93.75,15815,USD,5.31147,817.303912,0.894494,84000.89805,12925661.37,14146.42261
6/22/2020,94.05,96.1,94,95.95,266,USD,5.253397,819.703622,0.88658,1397.403602,218041.1635,235.83028
6/23/2020,96.25,97.55,95.75,96.25,30,USD,5.152601,819.198148,0.884015,154.57803,24575.94444,26.52045
6/24/2020,96.25,97.1,96.25,96.65,34,USD,5.348097,819.099946,0.88885,181.835298,27849.39816,30.2209
6/25/2020,96.65,97.1,94.55,94.85,45,USD,5.360997,809.093302,0.891197,241.244865,36409.19859,40.103865
6/26/2020,95.6,95.6,93.45,95.65,19,USD,5.479041,821.503912,0.891381,104.101779,15608.57433,16.936239
6/29/2020,100.45,101.45,98.45,98.65,16,USD,5.403602,821.497406,0.88914,86.457632,13143.9585,14.22624
6/30/2020,100.35,100.35,99.5,100.05,7,USD,5.463201,822.802664,0.890098,38.242407,5759.618648,6.230686
7/1/2020,102.8,102.8,102.05,103.05,4,USD,5.317702,808.615336,0.88881,21.270808,3234.461344,3.55524
7/2/2020,104.38,104.6,102.53,102.25,0,USD,5.360396,801.101052,0.88988,0,0,0
7/6/2020,97.35,97.35,97.35,97.2,47,USD,5.355803,799.402424,0.883975,251.722741,37571.91393,41.546825
7/7/2020,97.88,100.7,97.35,99.25,0,USD,5.379299,789.504341,0.886931,0,0,0
7/8/2020,100.48,102.23,99.63,98.95,0,USD,5.3441,786.901613,0.881987,0,0,0
7/9/2020,100.03,100.8,98.33,97.7,0,USD,5.339301,788.597835,0.885925,0,0,0
7/10/2020,96.8,96.95,95.45,96.15,4,USD,5.328354,792.403912,0.885348,21.313416,3169.615648,3.541392
7/13/2020,97.03,98.88,96.58,97.4,0,USD,5.402981,789.699785,0.881415,0,0,0
7/14/2020,98.65,98.7,96.83,96.7,0,USD,5.368301,786.502594,0.876395,0,0,0
7/15/2020,98.03,98.2,96.33,95.95,0,USD,5.370175,782.198398,0.875875,0,0,0
7/16/2020,96.9,98.8,96.78,97.1,0,USD,5.332202,789.407104,0.877899,0,0,0
7/17/2020,98.45,102.5,98.45,101.05,0,USD,5.38681,787.803912,0.875048,0,0,0
7/20/2020,101.58,102.85,99.08,98.5,0,USD,5.3292,786.197294,0.872799,0,0,0
7/21/2020,99.53,101.9,99.53,100.5,0,USD,5.171297,771.603984,0.867025,0,0,0
7/22/2020,101.75,108.75,101.25,108.35,32829,USD,5.119601,767.897463,0.864494,168071.3812,25209305.81,28380.47353
7/23/2020,108.1,109.3,106.15,107.5,24990,USD,5.212099,770.400028,0.862385,130250.354,19252296.7,21551.00115
7/24/2020,106.95,109.1,106.35,108.4,22539,USD,5.23055,774.203912,0.857924,117891.3665,17449781.97,19336.74904
7/27/2020,107.9,110.75,107.4,110.4,25735,USD,5.144821,768.410149,0.849695,132401.9684,19775035.18,21866.90083
7/28/2020,110.35,111.35,108.35,109.65,18617,USD,5.153804,766.301649,0.853355,95948.36907,14266237.8,15886.91003
7/29/2020,109.4,112.6,109.3,111.6,24211,USD,5.170303,757.393234,0.848715,125178.2059,18337247.59,20548.23887
7/30/2020,112.45,117.4,112.2,115.35,34126,USD,5.155399,761.502537,0.842325,175933.1463,25987035.58,28745.18295
7/31/2020,116.4,119.4,115.2,118.95,34771,USD,5.22265,756.703912,0.848983,181596.7631,26311351.72,29519.98789
8/3/2020,118.2,119.7,115.65,117.9,28190,USD,5.320195,757.702189,0.850201,149976.2971,21359624.71,23967.16619
8/4/2020,116.9,121.25,116.65,121.05,29406,USD,5.291698,771.705864,0.846375,155607.6714,22692782.64,24888.50325
8/5/2020,120.75,127.25,120.45,121.55,36843,USD,5.2924,777.399416,0.842285,194987.8932,28641726.68,31032.30626
8/6/2020,122,124.2,116.45,117,28501,USD,5.332796,773.498491,0.842101,151990.0188,22045480.49,24000.7206
8/7/2020,117.3,118.8,113.6,115.45,29392,USD,5.437325,788.803912,0.848526,159813.8564,23184524.58,24939.87619
8/10/2020,115.05,117.15,111.6,112.6,22719,USD,5.48202,805.99994,0.851975,124546.0124,18311512.64,19356.02003
8/11/2020,112,112.55,109.7,111.35,28553,USD,5.381894,794.486017,0.852065,153669.2194,22684959.24,24329.01195
8/12/2020,111.35,113.8,110.35,112.05,22667,USD,5.436501,792.300796,0.847907,123229.1682,17959082.14,19219.50797
8/13/2020,112.4,117.15,111.15,116.2,20874,USD,5.368502,793.502706,0.846295,112062.1107,16563575.49,17665.56183
8/14/2020,116.65,119.2,114.45,114.7,15520,USD,5.422278,797.603912,0.84442,84153.75456,12378812.71,13105.3984
8/17/2020,114.6,115.65,112.7,115.55,6996,USD,5.509801,807.703552,0.842098,38546.5678,5650694.05,5891.317608
8/18/2020,115.65,119.75,115.65,119.3,7201,USD,5.466903,794.703759,0.836995,39367.1685,5722661.769,6027.200995
8/19/2020,119.5,122.2,116.75,118.45,9248,USD,5.557905,784.385792,0.844352,51399.50544,7253999.804,7808.567296
8/20/2020,118,119.95,117,118.55,7088,USD,5.557397,786.398139,0.84235,39390.82994,5573990.009,5970.5768
8/21/2020,119.65,120.4,116.5,120.1,245,USD,5.620075,793.103912,0.847781,1376.918375,194310.4584,207.706345
8/24/2020,120.4,122.6,119.45,120.25,119,USD,5.612099,785.999807,0.847875,667.839781,93533.97703,100.897125
8/25/2020,120.5,123.8,120,123.2,55,USD,5.508895,787.099323,0.844975,302.989225,43290.46277,46.473625
8/26/2020,125.5,127.6,122,122.8,72,USD,5.608703,784.585792,0.8445,403.826616,56490.17702,60.804
8/27/2020,121.35,123.25,121,122.95,13,USD,5.570198,784.399135,0.846075,72.412574,10197.18876,10.998975
8/28/2020,123.6,127.1,123.6,127.1,54,USD,5.39145,779.503912,0.83998,291.1383,42093.21125,45.35892
8/31/2020,129.05,130.8,127.15,129.8,56,USD,5.492397,776.341137,0.837615,307.574232,43475.10367,46.90644
9/1/2020,132.25,132.3,130.8,131.9,22,USD,5.398801,771.309376,0.838725,118.773622,16968.80627,18.45195
9/2/2020,130.95,131.05,130,131.5,41,USD,5.3406,771.403799,0.844095,218.9646,31627.55576,34.607895
9/3/2020,131.3,131.3,131,131.6,11,USD,5.2914,775.803924,0.844635,58.2054,8533.843164,9.290985
9/4/2020,131.2,134.5,131.2,134.8,45,USD,5.302504,771.503912,0.844691,238.61268,34717.67604,38.011095
9/8/2020,129,129.55,128.25,132.8,17,USD,5.362098,773.000168,0.849701,91.155666,13141.00286,14.444917
9/9/2020,131.15,131.4,130.4,129.65,15,USD,5.31038,766.602768,0.847105,79.6557,11499.04152,12.706575
9/10/2020,127.73,133.45,127.7,132.5,0,USD,5.32206,773.099001,0.845735,0,0,0
9/11/2020,130.65,132.55,129.38,133.35,0,USD,5.317704,769.903912,0.84406,0,0,0
9/14/2020,128.15,128.65,124.15,123.55,118,USD,5.2698,765.306597,0.842567,621.8364,90306.17845,99.422906
9/15/2020,122.38,122.97,115.85,122.2,0,USD,5.275806,763.292693,0.844305,0,0,0
9/16/2020,123.85,123.85,120.7,120.55,8,USD,5.237498,760.298283,0.847235,41.899984,6082.386264,6.77788
9/17/2020,119.9,119.9,118.7,118.1,24,USD,5.239302,761.198972,0.844035,125.743248,18268.77533,20.25684
9/18/2020,118.35,118.35,115.75,113.6,3,USD,5.391304,763.303912,0.84457,16.173912,2289.911736,2.53371
9/21/2020,113,113.45,110.8,112,32467,USD,5.414101,774.498985,0.84987,175779.6172,25145658.55,27592.72929
9/22/2020,112.55,114.8,110.35,110.65,22525,USD,5.471398,777.237889,0.854115,123243.2399,17507283.45,19238.94038
9/23/2020,110.8,112.6,109.05,110.5,24425,USD,5.593904,783.29766,0.857765,136631.1052,19132045.35,20950.91013
9/24/2020,110.75,112.1,110.25,111.15,17432,USD,5.509905,783.297632,0.856685,96048.66396,13654444.32,14933.73292
9/25/2020,111.75,114.3,110.85,113.65,18236,USD,5.56135,788.103912,0.85978,101416.7786,14371862.94,15678.94808
9/28/2020,113.8,114.75,108.7,109.55,21447,USD,5.6617,784.59797,0.85627,121426.4799,16827272.66,18364.42269
9/29/2020,109.1,110.4,108.3,109.55,21158,USD,5.63205,784.600812,0.851665,119162.9139,16600583.98,18019.52807
9/30/2020,110.25,112.75,109.4,110.95,21064,USD,5.609901,785.097209,0.852899,118166.9547,16537287.61,17965.46454
10/1/2020,110.95,111.6,106.4,107.05,27641,USD,5.643498,787.098074,0.851455,155991.9282,21756177.86,23535.06766
10/2/2020,106.5,110,104.9,108.95,23163,USD,5.683104,789.603912,0.853479,131637.738,18289595.41,19769.13408
10/5/2020,108.65,109.7,106.6,107.2,19938,USD,5.57495,798.706766,0.848098,111153.3531,15924615.5,16909.37792
10/6/2020,107.5,109.4,107.1,107.65,15255,USD,5.595303,798.708288,0.851985,85356.34727,12184294.93,12997.03118
10/7/2020,107.7,111,106.2,109.6,20419,USD,5.612795,794.598196,0.849717,114607.6611,16224900.56,17350.37142
10/8/2020,110.15,112.15,107.9,110.25,18260,USD,5.600101,798.59516,0.849943,102257.8443,14582347.62,15519.95918
10/9/2020,110.25,112.45,110.25,111.55,15764,USD,5.530502,794.703912,0.845359,87182.83353,12527712.47,13326.23928
10/12/2020,111,113.35,108.55,109.15,15910,USD,5.531199,796.999694,0.846399,88001.37609,12680265.13,13466.20809
10/13/2020,109.3,111.15,108.7,110.1,14789,USD,5.569895,798.902763,0.851655,82373.17716,11814972.96,12595.12579
10/14/2020,110.05,111.7,109.2,109.6,14046,USD,5.59199,798.806766,0.851525,78545.09154,11220039.84,11960.52015
10/15/2020,109.55,111.35,106.5,109.5,22363,USD,5.612699,804.102075,0.854205,125516.7877,17982134.7,19102.58642
10/16/2020,109.65,111.1,106.85,107.25,14716,USD,5.648385,793.503912,0.853607,83121.63366,11677203.57,12561.68061
10/19/2020,106.55,108.65,105.6,106.05,16873,USD,5.607097,787.603528,0.849803,94608.54768,13289234.33,14338.72602
10/20/2020,107.05,107.25,104,104.9,17967,USD,5.605698,785.999645,0.845345,100717.576,14122055.62,15188.31362
10/21/2020,104.8,106.85,103.35,104.15,15757,USD,5.609303,783.000011,0.843703,88385.78737,12337731.17,13294.22817
10/22/2020,103.7,107.45,103.2,106.7,22411,USD,5.5928,778.793621,0.846405,125340.2408,17453543.84,18968.78246
10/23/2020,106.4,107,104.75,105.6,11995,USD,5.619251,775.703912,0.843149,67402.91575,9304568.424,10113.57226
10/26/2020,104.8,107.15,104.3,106.65,14411,USD,5.624098,775.30203,0.8467,81048.87628,11172877.55,12201.7937
10/27/2020,106.75,108.2,106.15,106.95,16380,USD,5.7062,772.999656,0.848745,93467.556,12661734.37,13902.4431
10/28/2020,106.45,106.65,104.65,105,15333,USD,5.746398,773.599271,0.851165,88109.52053,11861597.62,13050.91295
10/29/2020,105,105.2,102.95,104.6,16287,USD,5.779302,772.000137,0.856396,94127.49167,12573566.23,13948.12165
10/30/2020,104.55,105.8,103.7,104.4,18949,USD,5.742904,773.303912,0.856504,108822.2879,14653335.83,16229.8943
11/2/2020,103.9,104.9,102.35,102.8,18605,USD,5.742599,767.701691,0.858965,106841.0544,14283089.96,15981.04382
11/3/2020,102.8,106.25,102.75,103.45,24079,USD,5.757197,759.498055,0.850702,138627.5466,18287953.67,20484.05346
11/4/2020,103.65,103.95,102.15,103,18073,USD,5.664503,754.202544,0.852315,102374.5627,13630702.58,15403.889
11/5/2020,103.9,106.8,103.55,105.95,29467,USD,5.524896,756.101234,0.846375,162802.1104,22280035.06,24940.13213
11/6/2020,106.55,108,105.95,106.95,18754,USD,5.364804,751.503912,0.842169,100611.5342,14093704.37,15794.03743
11/9/2020,107.35,109.35,106.35,106.85,26289,USD,5.3855,757.604905,0.845804,141579.4095,19916675.35,22235.34136
11/10/2020,106.75,107.65,105.35,107.3,28673,USD,5.415405,754.59611,0.846225,155275.9076,21636534.26,24263.80943
11/11/2020,108,110.55,107.8,109.1,25497,USD,5.391501,754.696673,0.84886,137467.101,19242501.07,21643.38342
11/12/2020,109.35,110.7,108.75,110.1,27567,USD,5.458198,761.0841,0.847192,150466.1443,20980805.38,23354.54186
11/13/2020,110.15,110.55,108.65,109.25,11221,USD,5.458504,767.103912,0.844923,61249.87338,8607672.997,9480.880983
11/16/2020,109.95,116.2,109.8,115.65,12893,USD,5.416402,766.498728,0.843235,69833.67099,9882468.1,10871.82886
11/17/2020,115.95,116.65,114.2,116.2,15948,USD,5.328699,763.204788,0.842935,84982.09165,12171589.96,13443.12738
11/18/2020,116.5,121.1,116.35,119.75,11870,USD,5.363199,758.301579,0.844075,63661.17213,9001039.743,10019.17025
11/19/2020,119.8,121,118.65,120.65,203,USD,5.305979,759.198816,0.842735,1077.113737,154117.3596,171.075205
11/20/2020,120.55,121.2,114.5,115.5,114,USD,5.380104,764.203912,0.843409,613.331856,87119.24597,96.148626
11/23/2020,116.65,116.65,114.35,114.45,39,USD,5.442103,773.901353,0.844506,212.242017,30182.15277,32.935734
11/24/2020,114.5,114.65,113.05,113.15,19,USD,5.374101,773.80093,0.840404,102.107919,14702.21767,15.967676
11/25/2020,114.35,115.15,114.05,114.5,38,USD,5.324094,764.797352,0.839032,202.315572,29062.29938,31.883216
11/27/2020,119,119.7,118.65,121.7,167,USD,5.344104,768.703912,0.835911,892.465368,128373.5533,139.597137
11/30/2020,121.35,121.4,118.9,120.7,51,USD,5.332603,761.898478,0.837675,271.962753,38856.82238,42.721425
12/1/2020,120.2,120.2,116.1,115.65,121,USD,5.206401,759.999479,0.828303,629.974521,91959.93696,100.224663
12/2/2020,116,116,116,116.85,36,USD,5.217804,756.000152,0.825475,187.840944,27216.00547,29.7171
12/3/2020,120,121,118.68,117.65,0,USD,5.152498,750.642625,0.823365,0,0,0
12/4/2020,116.8,116.8,115.4,115.35,7,USD,5.156839,743.903912,0.825048,36.097873,5207.327384,5.775336
12/7/2020,114.75,114.75,114.75,116.95,2,USD,5.0998,745.203818,0.825575,10.1996,1490.407636,1.65115
12/8/2020,119.68,120.35,118.38,117.1,0,USD,5.121198,744.895989,0.825802,0,0,0
12/9/2020,115.1,115.1,115.1,114.9,1,USD,5.171197,743.198647,0.827994,5.171197,743.198647,0.827994
12/10/2020,117.05,121.83,116.9,118.55,0,USD,5.025697,734.803315,0.823472,0,0,0
12/11/2020,119,119,118.8,119.1,2,USD,5.066204,734.303912,0.825655,10.132408,1468.607824,1.65131
12/14/2020,122.5,123.85,122.5,123.55,3,USD,5.1192,735.395747,0.82314,15.3576,2206.187241,2.46942
12/15/2020,124.55,124.55,124.55,123.1,5,USD,5.082176,736.179026,0.822774,25.41088,3680.89513,4.11387
12/16/2020,126,126,126,125.05,29,USD,5.084701,734.190528,0.819795,147.456329,21291.52531,23.774055
12/17/2020,126.3,126.3,125,125.05,4,USD,5.058403,721.89797,0.815505,20.233612,2887.59188,3.26202
12/18/2020,126.3,127.8,123.68,123.7,0,USD,5.102604,725.303912,0.815874,0,0,0
12/21/2020,124.25,125.45,120.4,124.3,19298,USD,5.122206,725.598342,0.817299,98848.33139,14002596.8,15772.2361
12/22/2020,123.9,126.6,122.9,124.2,15059,USD,5.159938,722.711164,0.820595,77703.50634,10883307.42,12357.34011
12/23/2020,124.05,125.95,123.9,124.55,10039,USD,5.216797,714.100451,0.820275,52371.42508,7168854.428,8234.740725
12/24/2020,124.5,127.65,124.5,125.95,8991,USD,5.216802,714.798376,0.820804,46904.26678,6426752.199,7379.848764
12/28/2020,125.75,126.5,121.5,123.35,13623,USD,5.247401,711.999749,0.818201,71485.34382,9699572.581,11146.35222
12/29/2020,123.95,125.9,123.2,125.4,11047,USD,5.210097,715.396702,0.816155,57555.94156,7902987.367,9016.064285
12/30/2020,125.3,126.75,124.65,125.4,10915,USD,5.194091,711.501443,0.813025,56693.50327,7766038.25,8874.167875
12/31/2020,125.7,129,125.6,128.25,15655,USD,5.193597,710.502481,0.821102,81305.76103,11122916.34,12854.35181
1/4/2021,128.4,129.4,125.25,126.15,21809,USD,5.296798,704.303175,0.816245,115517.8676,15360147.94,17801.48721
1/5/2021,125.95,126.55,122.3,125.1,22165,USD,5.285597,695.901138,0.813015,117155.2575,15424648.72,18020.47748
1/6/2021,125.1,125.55,120.6,120.9,27249,USD,5.314399,696.492944,0.810403,144812.0584,18978736.23,22082.67135
1/7/2021,121,122.75,119.35,121.1,17994,USD,5.410295,712.788329,0.815027,97352.84823,12825913.19,14665.59584
1/8/2021,120.3,124.05,119.2,123.7,23796,USD,5.418041,712.103912,0.817996,128927.7036,16945224.69,19465.03282
1/11/2021,122.3,123.2,118.75,121.45,21759,USD,5.489198,719.433018,0.822328,119439.4593,15654143.04,17893.03495
1/12/2021,121,122.7,120.1,121.4,16090,USD,5.3229,725.000072,0.819095,85645.461,11665251.16,13179.23855
1/13/2021,121.4,126,121.4,125.25,22176,USD,5.299396,737.787686,0.822225,117519.4057,16361179.72,18233.6616
1/14/2021,125.45,127.9,123.25,127.35,22080,USD,5.197302,726.502495,0.822985,114756.4282,16041175.09,18171.5088
1/15/2021,127.35,131.75,126.8,128.15,31917,USD,5.293104,734.803912,0.828137,168940.0004,23452736.46,26431.64863
1/19/2021,126,128.75,124.65,127.15,19435,USD,5.358203,737.302307,0.823897,104136.6753,14329470.34,16012.4382
1/20/2021,126.55,127.05,123.4,125.2,19721,USD,5.292023,722.105074,0.825405,104363.9856,14240634.16,16277.81201
1/21/2021,125.8,127.3,124.75,126.45,13904,USD,5.350971,717.384438,0.821963,74399.90078,9974513.226,11428.57355
1/22/2021,125.7,126.3,122.85,124.05,18266,USD,5.467104,727.603912,0.821558,99862.12166,13290413.06,15006.57843
1/25/2021,123,124.95,122.15,123.25,18318,USD,5.466961,732.999751,0.823395,100143.7916,13427089.44,15082.94961
1/26/2021,123.4,125.9,123.25,124.5,16225,USD,5.355301,733.194813,0.822176,86889.75872,11896085.84,13339.8056
1/27/2021,124.55,126.15,123.1,125.5,16060,USD,5.414101,738.700451,0.826198,86950.46206,11863529.24,13268.73988
1/28/2021,125.5,126.9,123.55,124,16576,USD,5.440644,735.999978,0.825105,90184.11494,12199935.64,13676.94048
1/29/2021,124.15,124.7,122.05,122.95,20127,USD,5.462234,734.803912,0.823879,109938.3837,14789398.34,16582.21263
2/1/2021,122.65,127.3,122.45,125.35,24530,USD,5.431992,733.820636,0.828615,133246.7638,18000620.2,20325.92595
2/1/2021,122.65,127.3,122.45,125.35,24530,USD,5.431992,733.820636,0.828615,133246.7638,18000620.2,20325.92595
2/2/2021,125.45,126.1,122.7,123.4,18532,USD,5.368398,732.699352,0.830655,99487.15174,13578384.39,15393.69846
2/3/2021,123.1,124.85,122.7,123.95,14367,USD,5.353499,732.700387,0.830503,76913.72013,10526706.46,11931.8366
2/4/2021,124.5,124.7,120.2,124.05,32468,USD,5.427199,735.698647,0.835675,176210.2971,23886663.67,27132.6959
2/5/2021,124.65,125.85,123.8,124.5,25376,USD,5.370804,739.000361,0.82996,136289.5223,18752873.16,21061.06496
2/8/2021,124.2,124.8,123.3,124.1,24446,USD,5.36602,735.507217,0.829631,131177.7249,17980209.43,20281.15943
2/9/2021,124.05,124.3,122.5,122.95,22917,USD,5.378203,734.703045,0.825185,123252.2782,16837189.68,18910.76465
2/10/2021,122.95,123.55,120.25,121.1,35881,USD,5.386403,725.10795,0.8251,193269.526,26017598.35,29605.4131
2/11/2021,121.05,121.75,120.5,121.2,24065,USD,5.366897,726.341272,0.824397,129154.3763,17479402.71,19839.11381
2/12/2021,120.9,122.35,120.25,121.15,12307,USD,5.370104,721.803912,0.825548,66089.86993,8883240.745,10160.01924
2/16/2021,121.4,124.9,121.15,124.35,18374,USD,5.370903,718.599468,0.826985,98684.97172,13203546.63,15195.02239
2/17/2021,125,125.9,123.35,125.7,12953,USD,5.411295,713.197914,0.830117,70092.50414,9238052.58,10752.5055
2/18/2021,125.9,127.75,125.9,127.6,285,USD,5.427304,710.999756,0.827025,1546.78164,202634.9305,235.702125
2/19/2021,127.6,127.75,126.7,127.5,154,USD,5.382504,708.650396,0.825202,828.905616,109132.161,127.081108
2/22/2021,127,134.1,126.2,133.45,44,USD,5.464899,706.999757,0.821976,240.455556,31107.98931,36.166944
2/23/2021,133.25,136.75,132.85,136.85,79,USD,5.441106,704.703157,0.822925,429.847374,55671.5494,65.011075
2/24/2021,137,137.75,136.95,135.65,113,USD,5.406239,700.9026,0.821698,610.905007,79201.9938,92.851874
2/25/2021,136.25,139.3,136.25,139.2,22,USD,5.531315,716.000413,0.822365,121.68893,15752.00909,18.09203
2/26/2021,139,139,138.4,136.85,44,USD,5.599204,723.903912,0.828358,246.364976,31851.77213,36.447752
3/1/2021,138.45,138.45,132.6,135.15,38,USD,5.642198,722.898015,0.829903,214.403524,27470.12457,31.536314
3/2/2021,136.15,134.65,132,133.2,5,USD,5.676601,729.000304,0.827465,28.383005,3645.00152,4.137325
3/3/2021,133.75,133.75,130,131.15,21,USD,5.619014,727.603349,0.829855,117.999294,15279.67033,17.426955
3/4/2021,128.25,128.25,128.25,128.4,2,USD,5.6698,732.114885,0.835605,11.3396,1464.22977,1.67121
3/5/2021,131.05,131.05,128.45,128.75,5,USD,5.691104,733.403912,0.839542,28.45552,3667.01956,4.19771
3/8/2021,128.15,130.95,128.03,129.05,0,USD,5.876104,736.502481,0.843785,0,0,0
3/9/2021,129.55,129.55,129.55,128.9,2,USD,5.802996,735.407358,0.840506,11.605992,1470.814716,1.681012
3/10/2021,129.15,129.15,128.8,129.35,2,USD,5.672599,724.392811,0.8386,11.345198,1448.785622,1.6772
3/11/2021,131.9,131.9,131.9,131.8,2,USD,5.536302,713.297165,0.834403,11.072604,1426.59433,1.668806
3/12/2021,132.3,133.45,131.05,132.45,0,USD,5.55305,724.103912,0.836581,0,0,0
3/15/2021,132.6,132.6,130,131.45,2,USD,5.615952,723.100758,0.838545,11.231904,1446.201516,1.67709
3/16/2021,131.5,131.5,130,133.8,7,USD,5.624902,727.796008,0.840245,39.374314,5094.572056,5.881715
3/17/2021,132.5,132.5,132.5,132.85,1,USD,5.584602,722.397294,0.834555,5.584602,722.397294,0.834555
3/18/2021,133.7,134.4,128.6,126.4,9,USD,5.56045,720.599737,0.839075,50.04405,6485.397633,7.551675
3/19/2021,130.07,131.38,128.25,125.45,0,USD,5.490804,713.303912,0.837065,0,0,0
3/22/2021,129,130.45,126.9,130.1,17089,USD,5.507051,716.800883,0.838035,94109.99454,12249410.29,14321.18012
3/23/2021,130.1,130.6,127.45,127.6,15769,USD,5.521902,722.999841,0.844605,87074.87264,11400984.49,13318.57625
3/24/2021,128.2,128.8,126.5,126.5,19142,USD,5.621097,727.705277,0.846545,107599.0388,13929734.41,16204.56439
3/25/2021,127,127.55,125.2,126.6,19492,USD,5.649904,725.198045,0.849165,110127.9288,14135560.29,16551.92418
3/26/2021,127.1,129.6,127.1,128.5,16764,USD,5.756204,732.903912,0.847873,96497.00386,12286401.18,14213.74297
3/29/2021,128.35,128.4,126.2,127.05,14233,USD,5.782505,734.09843,0.849715,82302.39367,10448422.95,12093.9936
3/30/2021,126.55,127.05,122.45,122.6,26447,USD,5.773504,729.302424,0.853015,152691.8603,19287861.21,22559.68771
3/31/2021,123,124.75,120.5,123.5,30040,USD,5.632803,720.491317,0.852765,169209.4021,21643559.16,25617.0606
4/1/2021,124.95,125.45,120.75,121.6,23923,USD,5.708901,717.09767,0.849032,136574.0386,17155127.56,20311.39254
4/5/2021,121.4,122.9,120.55,122.1,16091,USD,5.664196,721.499053,0.846202,91142.57784,11609641.26,13616.23638
4/6/2021,122.5,127.3,121.35,126.85,31610,USD,5.5944,717.807358,0.842175,176838.984,22689890.59,26621.15175
4/7/2021,126.9,128,125.45,126.75,22703,USD,5.613601,713.700628,0.842245,127445.5835,16203145.36,19121.48824
4/8/2021,127,128.7,126.75,127.85,28825,USD,5.568103,708.196907,0.839102,160500.569,20413775.84,24187.11515
4/9/2021,127.9,128.85,127,127.25,26961,USD,5.680804,710.603912,0.840336,153160.1566,19158592.07,22656.2989
4/12/2021,127,129.1,125.75,128.1,23948,USD,5.733703,713.302072,0.83945,137310.7194,17082158.02,20103.1486
4/13/2021,128.1,131.1,126.8,130.05,26333,USD,5.718403,708.104586,0.836525,150582.7062,18646518.06,22028.21283
4/14/2021,130.25,133.15,130.2,132.1,18260,USD,5.654403,709.607696,0.834505,103249.3988,12957436.53,15238.0613
4/15/2021,132.05,133,130.9,132.7,16691,USD,5.616599,698.501928,0.835455,93746.65391,11658695.68,13944.5794
4/16/2021,132.9,133.45,128.85,129.15,11393,USD,5.588609,702.803912,0.834589,63671.02234,8007044.969,9508.472477
4/19/2021,129.4,131.55,129.05,129.85,9477,USD,5.546802,700.602199,0.830296,52567.04255,6639607.04,7868.715192
4/20/2021,130.05,132.95,129.9,132.45,11447,USD,5.569201,697.00027,0.831054,63750.64385,7978562.091,9513.075138
4/21/2021,132.65,133.35,130.65,132.2,11569,USD,5.569404,698.19971,0.830755,64432.43488,8077472.445,9611.004595
4/22/2021,132.9,134.5,130,134.3,243,USD,5.444702,706.794297,0.832405,1323.062586,171751.0142,202.274415
4/23/2021,134.85,138.5,134.85,136.85,61,USD,5.476,713.403912,0.826549,334.036,43517.63863,50.419489
4/26/2021,136.65,142.35,136.5,141.75,33,USD,5.437102,705.096236,0.827785,179.424366,23268.17579,27.316905
4/27/2021,142.45,144.5,142.45,144.35,8,USD,5.452103,702.000118,0.827165,43.616824,5616.000944,6.61732
4/28/2021,144,144.95,142.4,144.3,12,USD,5.3429,696.299425,0.824007,64.1148,8355.5931,9.888084
4/29/2021,145.8,145.8,141.35,141.4,21,USD,5.337898,709.397023,0.824735,112.095858,14897.33748,17.319435
4/30/2021,143.9,143.9,143.9,139.95,7,USD,5.438336,710.703912,0.831981,38.068352,4974.927384,5.823867
5/3/2021,139.9,140.35,138.85,138.75,18,USD,5.439597,704.420974,0.829198,97.912746,12679.57753,14.925564
5/4/2021,139.35,139.35,139,138.9,13,USD,5.444398,703.792727,0.832328,70.777174,9149.305451,10.820264
5/5/2021,142.95,143.4,142.95,148.5,2,USD,5.354201,705.100254,0.832899,10.708402,1410.200508,1.665798
5/6/2021,149,149.5,149,153.5,3,USD,5.276746,700.203975,0.828809,15.830238,2100.611925,2.486427
5/7/2021,152,152,150.95,152.3,3,USD,5.235335,695.403912,0.822031,15.706005,2086.211736,2.466093
5/10/2021,153,153,148.35,147.6,14,USD,5.224197,697.000189,0.823701,73.138758,9758.002646,11.531814
5/11/2021,149.2,149.2,147.05,147.9,43,USD,5.222798,702.498454,0.823365,224.580314,30207.43352,35.404695
5/12/2021,147.65,147.65,147.65,145.75,1,USD,5.304598,707.402842,0.827925,5.304598,707.402842,0.827925
5/13/2021,145.78,147.88,143.88,145.65,0,USD,5.309202,707.699682,0.82801,0,0,0
5/14/2021,146.6,147.75,144.73,144.25,0,USD,5.27195,699.803912,0.823423,0,0,0
5/17/2021,146,146,146,145,5,USD,5.273202,715.602905,0.822525,26.36601,3578.014525,4.112625
5/18/2021,147.15,147.15,147.15,151.8,1,USD,5.260904,712.406315,0.818185,5.260904,712.406315,0.818185
5/19/2021,152.8,153.3,149.25,150.95,16271,USD,5.309502,715.152774,0.821596,86390.90704,11636250.79,13368.18852
5/20/2021,151.15,153.65,150.4,150.95,14906,USD,5.282804,721.206157,0.817977,78745.47642,10750298.98,12192.76516
5/21/2021,150.35,152.9,148.5,150.1,11426,USD,5.366704,721.000361,0.821018,61319.9599,8238150.125,9380.951668
5/24/2021,149.6,150.45,147.45,149,11455,USD,5.320402,729.801949,0.818698,60945.20491,8359881.326,9378.18559
5/25/2021,150.5,152,148.9,150.5,15427,USD,5.332203,734.000224,0.816453,82259.89568,11323421.46,12595.42043
5/26/2021,150.4,156.75,150.15,155.7,22600,USD,5.311974,729.999988,0.820202,120050.6124,16497999.73,18536.5652
5/27/2021,156.55,157.25,154.55,155.35,18912,USD,5.2397,724.700507,0.820205,99093.2064,13705535.99,15511.71696
5/28/2021,156.35,163.15,156.35,162.35,30128,USD,5.22635,724.503912,0.820176,157459.4728,21827853.86,24710.26253
6/1/2021,162,166.75,159.3,161.05,32562,USD,5.151297,728.498862,0.818495,167736.5329,23721379.94,26651.83419
6/2/2021,161.7,165.35,160.3,161.15,18946,USD,5.076003,718.510938,0.818967,96169.95284,13612908.23,15516.14878
6/3/2021,160.9,162.1,156.1,157.6,25907,USD,5.077803,718.999895,0.8243,131550.6423,18627130.28,21355.1401
6/4/2021,157.85,162,155.2,161.65,26824,USD,5.048788,718.303912,0.821878,135428.6893,19267784.14,22046.05547
6/7/2021,161.8,163.6,158.9,160.15,31178,USD,5.046901,716.398901,0.820295,157352.2794,22335884.94,25575.15751
6/8/2021,160.3,161.95,157.2,157.7,30120,USD,5.036299,717.698449,0.821465,151693.3259,21617077.28,24742.5258
6/9/2021,157.7,159.6,155.85,157.2,27098,USD,5.062999,719.896617,0.821199,137197.1469,19507758.53,22252.8505
6/10/2021,158.05,159.3,156.65,158.7,34667,USD,5.056007,719.809134,0.821545,175276.5947,24953623.25,28480.50052
6/11/2021,159.6,160.7,157.2,157.45,32759,USD,5.116296,722.000361,0.825866,167604.7407,23652009.83,27054.54429
6/14/2021,156.6,156.6,151.55,154.1,25267,USD,5.060299,719.400677,0.8249,127858.5748,18177096.91,20842.7483
6/15/2021,154.3,154.75,150.75,151.2,19013,USD,5.045398,727.097197,0.824701,95928.15217,13824299.01,15680.04011
6/16/2021,151.8,154.3,151.3,153.35,11288,USD,5.055798,730.202795,0.833765,57069.84782,8242529.15,9411.53932
6/17/2021,152.55,152.65,148.8,149.55,9829,USD,5.008906,738.499968,0.839298,49232.53707,7258716.185,8249.460042
6/18/2021,149.65,151,147.05,149.9,10929,USD,5.09015,748.603912,0.842922,55630.24935,8181492.154,9212.294538
6/21/2021,149.05,153.95,147.1,152.35,5284,USD,5.0144,747.597576,0.839485,26496.0896,3950305.592,4435.83874
6/22/2021,153.7,153.85,150.25,151.25,309,USD,4.958903,741.399865,0.837598,1532.301027,229092.5583,258.817782
6/23/2021,152.15,152.6,151.9,153.15,157,USD,4.966701,736.197455,0.838265,779.772057,115583.0004,131.607605
6/24/2021,152.25,153.4,151.5,152.4,61,USD,4.914197,734.000234,0.838325,299.766017,44774.01427,51.137825
6/25/2021,154.75,157.3,154.75,157.25,63,USD,4.934504,733.203912,0.837696,310.873752,46191.84646,52.774848
6/28/2021,158.5,163.2,157.7,162.25,39,USD,4.926302,735.000156,0.838396,192.125778,28665.00608,32.697444
6/29/2021,162.7,162.75,159.5,159.7,37,USD,4.956796,727.724019,0.840302,183.401452,26925.7887,31.091174
6/30/2021,158.4,159,158.05,159.35,36,USD,4.970702,732.301353,0.843498,178.945272,26362.84871,30.365928
7/1/2021,162.1,162.1,154,156,37,USD,5.048479,740.49797,0.844181,186.793723,27398.42489,31.234697
7/2/2021,154.65,154.65,153.75,152.55,7,USD,5.06108,735.650396,0.842826,35.42756,5149.552772,5.899782
7/6/2021,153.25,153.25,149.35,147.9,30,USD,5.196994,747.940296,0.845855,155.90982,22438.20888,25.37565
7/7/2021,148.72,152.3,148.72,149.75,0,USD,5.232301,749.091965,0.847945,0,0,0
7/8/2021,149.3,149.3,149.3,152.05,2,USD,5.2595,753.385453,0.844095,10.519,1506.770906,1.68819
7/9/2021,149.6,150.8,149.6,151.3,3,USD,5.259404,748.750396,0.84191,15.778212,2246.251188,2.52573
7/12/2021,153.4,153.85,153.4,153.85,23,USD,5.174101,743.690177,0.842955,119.004323,17104.87407,19.387965
7/13/2021,152.2,152.2,152.1,152.1,5,USD,5.164098,749.719961,0.849285,25.82049,3748.599805,4.246425
7/14/2021,154.55,154.55,152.9,156.45,4,USD,5.071403,745.130136,0.845095,20.285612,2980.520544,3.38038
7/15/2021,155.9,157.75,155.9,156.9,35,USD,5.1115,756.949954,0.846603,178.9025,26493.24839,29.631105
7/16/2021,157.72,161.97,157.72,161.2,0,USD,5.11545,757.803912,0.84698,0,0,0
7/19/2021,159.5,159.5,155.6,155.25,5,USD,5.252398,760.250116,0.847963,26.26199,3801.25058,4.239815
7/20/2021,160.9,168.35,160.43,165.65,0,USD,5.220993,758.250242,0.848797,0,0,0
7/21/2021,167.1,177.9,166.55,176,34757,USD,5.188803,752.710014,0.848005,180347.2259,26161941.96,29474.10979
7/22/2021,180,195.5,180,193.65,44986,USD,5.2012,753.879959,0.849365,233981.1832,33914043.84,38209.53389
7/23/2021,205.1,209.5,187.2,189,41105,USD,5.200804,762.210396,0.849524,213779.0484,31330658.33,34919.68402
7/26/2021,199.5,215.2,199,207.8,37319,USD,5.176898,760.169622,0.846978,193196.6565,28368770.12,31608.37198
7/27/2021,206.3,209.6,199.55,201.75,27477,USD,5.169596,767.959672,0.845959,142044.9893,21101227.91,23244.41544
7/28/2021,204.05,205.35,195.2,200.45,28234,USD,5.116302,761.90203,0.844125,144453.6707,21511541.92,23833.02525
7/29/2021,201.8,203.5,190.25,196.5,29964,USD,5.081902,760.280016,0.841055,152274.1115,22781030.4,25201.37202
7/30/2021,200,201.75,178.6,179.55,31471,USD,5.208867,756.650396,0.842641,163928.2534,23812544.61,26518.75491
8/2/2021,179.35,179.35,171.6,172.8,37342,USD,5.1761,768.449904,0.842215,193285.9262,28695456.32,31449.99253
8/3/2021,172.8,177.7,172.05,174.85,18664,USD,5.1983,775.798106,0.842475,97021.0712,14479495.85,15723.9534
8/4/2021,176.25,178.65,173.9,175.65,18865,USD,5.169703,774.340383,0.844802,97526.4471,14607931.33,15937.18973
8/5/2021,175.65,177.65,173.3,176.9,17207,USD,5.2467,777.989654,0.845095,90279.9669,13386867.98,14541.54967
8/6/2021,177.8,177.8,173.55,176,21241,USD,5.233504,788.250396,0.850109,111164.8585,16743226.66,18057.16527
8/9/2021,174.8,180.6,172.45,179.35,22411,USD,5.233298,785.649902,0.851995,117283.4415,17607199.95,19094.05994
8/10/2021,179.5,182.25,177.55,182,29061,USD,5.190101,779.000233,0.853305,150829.5252,22638525.77,24797.8966
8/11/2021,181,185.3,179.8,183.85,29470,USD,5.219703,771.409997,0.851701,153824.6474,22733452.61,25099.62847
8/12/2021,184.7,186.9,182.85,186.55,39088,USD,5.253705,774.808204,0.852045,205356.821,30285703.08,33304.73496
8/13/2021,185.95,187.35,181.2,182.75,24800,USD,5.249041,775.990396,0.847716,130176.2168,19244561.82,21023.3568
8/16/2021,181.95,186.25,179.75,183.2,15358,USD,5.261196,786.769811,0.849002,80801.44817,12083210.76,13038.97272
8/17/2021,184.2,184.25,178.3,178.95,15802,USD,5.295702,789.970099,0.854007,83682.683,12483107.5,13495.01861
8/18/2021,178.65,181.15,177.6,179.7,8908,USD,5.3801,787.710361,0.854416,47925.9308,7016923.896,7611.137728
8/19/2021,179.15,179.15,175.2,178.2,13006,USD,5.415599,786.509781,0.856499,70435.28059,10229346.21,11139.62599
8/20/2021,178.3,179.7,175.05,178.25,15450,USD,5.380433,786.630396,0.85492,83127.68985,12153439.62,13208.514
8/23/2021,177.45,180.45,177.2,179.95,272,USD,5.381401,784.380322,0.851485,1463.741072,213351.4476,231.60392
8/24/2021,180.2,184.25,180.2,183.3,41,USD,5.246599,782.5695,0.850798,215.110559,32085.3495,34.882718
8/25/2021,185.35,185.35,183.9,184.05,40,USD,5.212965,783.970077,0.849485,208.5186,31358.80308,33.9794
8/26/2021,184,184.9,184,185.65,14,USD,5.253298,786.909861,0.850704,73.546172,11016.73805,11.909856
8/27/2021,186.05,189.6,186.05,189.5,20,USD,5.205041,783.203912,0.847651,104.10082,15664.07824,16.95302
8/30/2021,190.55,196.5,190.55,197.4,26,USD,5.184602,782.720066,0.847705,134.799652,20350.72172,22.04033
8/31/2021,193.15,193.2,193.15,193.45,3,USD,5.150605,775.849932,0.846775,15.451815,2327.549796,2.540325
9/1/2021,195.3,195.3,195.3,193.2,3,USD,5.186099,771.310112,0.844598,15.558297,2313.930336,2.533794
9/2/2021,195,199.7,192.93,191.9,0,USD,5.183301,769.32949,0.842098,0,0,0
9/3/2021,190.7,190.85,190.7,190.55,3,USD,5.191226,767.050396,0.841818,15.573678,2301.151188,2.525454
9/7/2021,196.7,197.35,192.38,191.5,0,USD,5.170299,780.779763,0.844274,0,0,0
9/8/2021,194.4,196.72,188.08,187.75,0,USD,5.322098,787.679582,0.846135,0,0,0
9/9/2021,185.5,185.5,185.5,185,2,USD,5.197995,793.396211,0.8457,10.39599,1586.792422,1.6914
9/10/2021,187.8,189.18,185.8,185.6,0,USD,5.246041,788.460396,0.846403,0,0,0
9/13/2021,187.18,188.45,185.35,184.35,0,USD,5.214497,785.060269,0.846776,0,0,0
9/14/2021,186.62,187.82,182.53,183,0,USD,5.2404,783.760022,0.847198,0,0,0
9/15/2021,188,188,188,187,4,USD,5.2236,778.049811,0.846131,20.8944,3112.199244,3.384524
9/16/2021,185.55,185.6,185.55,187.8,4,USD,5.260099,783.630031,0.849982,21.040396,3134.520124,3.399928
9/17/2021,185.6,188.15,185.6,187.3,3,USD,5.289104,784.510396,0.85286,15.867312,2353.531188,2.55858
9/20/2021,184.6,186,182.08,183.5,0,USD,5.324405,788.999833,0.852685,0,0,0
9/21/2021,183.05,185.55,182.35,183.35,14465,USD,5.270397,786.049864,0.853055,76236.29261,11370211.28,12339.44058
9/22/2021,183.9,187.5,183.9,184.85,12317,USD,5.289201,787.592847,0.855665,65147.08872,9700781.096,10539.22581
9/23/2021,185.35,191,185.25,190.6,16986,USD,5.303403,785.390219,0.851805,90083.60336,13340638.26,14468.75973
9/24/2021,191.05,195.3,190.6,194.35,17232,USD,5.335104,792.830396,0.853202,91934.51213,13662053.38,14702.37686
9/27/2021,193.6,195.55,191.95,193.65,11580,USD,5.391897,793.462788,0.855015,62438.16726,9188299.085,9901.0737
9/28/2021,194.05,199,192.5,198.6,16727,USD,5.428902,802.669869,0.855799,90809.24375,13426258.9,14314.94987
9/29/2021,198.45,199.45,193.25,193.4,14720,USD,5.415801,809.999771,0.861799,79720.59072,11923196.63,12685.68128
9/30/2021,194.1,196.45,193.5,194,15777,USD,5.443197,810.830277,0.863995,85877.31907,12792469.28,13631.24911
10/1/2021,194,205.55,192.95,204.05,27895,USD,5.366104,803.260396,0.862404,149687.4711,22406948.75,24056.75958
10/4/2021,201,206.85,199.65,200.35,20398,USD,5.454603,805.860123,0.860815,111262.992,16437934.79,17558.90437
10/5/2021,200.55,201.15,191.3,191.9,26153,USD,5.477403,811.198835,0.862365,143250.5207,21215283.13,22553.43185
10/6/2021,192.55,194.95,191.85,193.45,11587,USD,5.493403,813.159895,0.865425,63652.06056,9422083.703,10027.67948
10/7/2021,195.15,200.25,193.8,197.9,21436,USD,5.518501,812.259611,0.865002,118294.5874,17411597.02,18542.18287
10/8/2021,200.25,203.35,198.5,201.35,17289,USD,5.50835,824.450396,0.863904,95233.86315,14253922.9,14936.03626
10/11/2021,199.35,204.85,196.7,204.25,12909,USD,5.537598,824.45014,0.865475,71484.85258,10642826.86,11172.41678
10/12/2021,204.05,215.15,202.6,213.15,24689,USD,5.533016,823.160132,0.8671,136604.632,20323000.5,21407.8319
10/13/2021,214.55,214.95,205.8,208.65,19175,USD,5.513958,815.209707,0.862215,105730.1446,15631646.13,16532.97263
10/14/2021,209.1,212.65,206.3,209.25,12288,USD,5.513696,825.920016,0.862698,67752.29645,10148905.16,10600.83302
10/15/2021,209.75,211,202.75,203.4,15698,USD,5.459704,823.750396,0.862135,85706.43339,12931233.72,13533.79523
10/18/2021,201.75,204.85,200.55,201.6,20228,USD,5.512798,817.129877,0.861045,111512.8779,16528903.15,17417.21826
10/19/2021,202.6,205.6,201.7,204.25,14850,USD,5.584805,810.494813,0.859705,82934.35425,12035847.97,12766.61925
10/20/2021,205.2,207,203.5,205.55,14926,USD,5.597803,814.05034,0.858009,83552.80758,12150515.37,12806.64233
10/21/2021,205.15,208.65,201.55,203.3,26494,USD,5.659303,818.160565,0.860203,149937.5737,21676346.01,22790.21828
10/22/2021,203.8,206.4,198.4,199.85,16734,USD,5.650389,815.720396,0.858604,94553.60953,13650265.11,14367.87934
10/25/2021,199.95,203.8,197.25,202.55,20159,USD,5.555606,807.906089,0.861415,111995.4614,16286578.85,17365.26499
10/26/2021,203.35,210.3,202.3,208.1,21060,USD,5.566605,804.129776,0.8623,117232.7013,16934973.08,18160.038
10/27/2021,207.3,208.7,199.65,201.35,23299,USD,5.536503,805.405074,0.862085,128994.9834,18765132.82,20085.71842
10/28/2021,201,203.2,198.6,199.95,19290,USD,5.6464,805.890203,0.855804,108919.056,15545622.02,16508.45916
10/29/2021,200.9,204.4,198.65,203.95,18594,USD,5.635804,813.503912,0.864975,104792.1396,15126291.74,16083.34515
11/1/2021,203.2,209.85,202.2,208.7,19674,USD,5.680203,812.150031,0.862103,111752.3138,15978239.71,16961.01442
11/2/2021,208.2,209,204.7,208.05,22683,USD,5.680103,813.370244,0.8637,128841.7763,18449677.24,19591.3071
11/3/2021,208.05,212,205.85,209.3,21821,USD,5.553902,813.889848,0.860855,121191.6955,17759890.37,18784.71696
11/4/2021,209.5,211.4,206,208.6,21756,USD,5.603201,814.120391,0.865502,121903.241,17712003.23,18829.86151
11/5/2021,209.5,209.5,202.3,203.55,33987,USD,5.543304,811.403912,0.865604,188400.273,27577184.76,29419.28315
11/8/2021,203.6,206.1,199.3,199.65,30475,USD,5.544399,803.670083,0.86299,168965.5595,24491845.78,26299.62025
11/9/2021,201.2,206.7,198.7,205.9,35050,USD,5.480599,793.580065,0.862499,192094.995,27814981.28,30230.58995
11/10/2021,206.4,206.6,203.5,204,30418,USD,5.491401,795.229538,0.870625,167037.4356,24189292.09,26482.67125
11/11/2021,206.1,212.6,205.4,210.9,40191,USD,5.399498,794.160294,0.873495,217011.2241,31918096.38,35106.63755
11/12/2021,211.4,221.5,209.25,219.7,36014,USD,5.459204,800.880396,0.87389,196607.7729,28842906.58,31472.27446
11/15/2021,219.45,225.9,217,222.75,16876,USD,5.457799,798.050478,0.879805,92105.81592,13467899.87,14847.58918
11/16/2021,223.85,224.65,221.3,222.05,11044,USD,5.503702,812.000389,0.883555,60782.88489,8967732.296,9757.98142
11/17/2021,224.3,233.75,224,232.6,13236,USD,5.530198,829.750035,0.883496,73197.70073,10982571.46,11693.95306
11/18/2021,233.5,237.5,227.5,228.95,9359,USD,5.557899,832.660369,0.879595,52016.37674,7792868.393,8232.129605
11/19/2021,231,239,227.95,233.3,398,USD,5.613604,828.503912,0.886504,2234.214392,329744.557,352.828592
11/22/2021,231.4,234.1,228.85,231.35,47,USD,5.587201,812.209484,0.88955,262.598447,38173.84575,41.80885
11/23/2021,233.85,242.4,233.75,242.55,85,USD,5.572098,813.697294,0.889401,473.62833,69164.26999,75.599085
11/24/2021,240.8,247.55,240,246.3,85,USD,5.6067,814.379719,0.89264,476.5695,69222.27612,75.8744
11/26/2021,242.2,245.45,242.15,243.85,48,USD,5.609704,832.050396,0.883504,269.265792,39938.41901,42.408192
11/29/2021,241.2,246.65,231.5,233.85,35,USD,5.6023,843.999974,0.88555,196.0805,29539.99909,30.99425
11/30/2021,231.35,233.25,231.35,233.25,9,USD,5.624399,827.379858,0.882505,50.619591,7446.418722,7.942545
12/1/2021,234,234.45,233.45,234.2,7,USD,5.695634,839.059703,0.883455,39.869438,5873.417921,6.184185
12/2/2021,233.25,236.65,233.25,237.45,21,USD,5.646861,837.539706,0.884475,118.584081,17588.33383,18.573975
12/3/2021,238.2,244.75,237.15,244.05,0,USD,5.651404,841.060396,0.883904,0,0,0
12/6/2021,244.5,250.35,244.5,250.2,26,USD,5.689197,846.130273,0.886215,147.919122,21999.3871,23.04159
12/7/2021,244,244,244,243.9,4,USD,5.612799,839.98015,0.88708,22.451196,3359.9206,3.54832
12/8/2021,246.75,246.75,246.75,244.75,4,USD,5.5331,839.502622,0.881495,22.1324,3358.010488,3.52598
12/9/2021,243.7,243.7,239.7,240.35,9,USD,5.572604,837.15912,0.885505,50.153436,7534.43208,7.969545
12/10/2021,235,235,235,232.7,6,USD,5.612904,844.180396,0.883645,33.677424,5065.082376,5.30187
12/13/2021,237.15,237.2,237.15,236.7,4,USD,5.681304,841.409863,0.886275,22.725216,3365.639452,3.5451
12/14/2021,238.1,238.1,238.1,237.15,1,USD,5.682202,843.250148,0.888295,5.682202,843.250148,0.888295
12/15/2021,237.05,237.1,236.8,237.4,8,USD,5.680899,851.309775,0.885675,45.447192,6810.4782,7.0854
12/16/2021,239.62,240.28,233.4,236.95,0,USD,5.688904,846.509909,0.882245,0,0,0
12/17/2021,236,237.95,236,235.9,379,USD,5.696404,843.260396,0.88983,2158.937116,319595.6901,337.24557
12/20/2021,232.95,232.95,223.25,224.4,0,USD,5.743028,871.440265,0.886698,0,0,0
12/21/2021,225.55,229.4,224,228.25,14047,USD,5.745698,871.730159,0.886025,80709.81981,12245193.54,12445.99318
12/22/2021,229.7,235.2,228.1,233.55,12766,USD,5.654498,860.680135,0.882799,72185.32147,10987442.6,11269.81203
12/23/2021,234.75,235.35,229.05,231.2,10779,USD,5.675327,859.2904,0.882995,61174.34973,9262291.222,9517.803105
12/27/2021,229.55,229.85,226.55,227.05,7221,USD,5.6256,857.296918,0.882695,40622.4576,6190541.045,6373.940595
12/28/2021,227.9,228.4,225,225.6,7889,USD,5.628973,855.499644,0.883893,44406.968,6749036.692,6973.031877
12/29/2021,225.6,229.9,225.35,228.9,8385,USD,5.704199,849.37986,0.880315,47829.70862,7122050.126,7381.441275
12/30/2021,229.1,229.65,226.2,228.85,8556,USD,5.571697,851.999711,0.883099,47671.43953,7289709.527,7555.795044
12/31/2021,228.5,228.8,224.1,226.1,11693,USD,5.571304,852.000361,0.879395,65145.25767,9962440.221,10282.76574
1/3/2022,226.15,226.95,220.55,223.3,13645,USD,5.682401,851.793572,0.88497,77536.36165,11622723.29,12075.41565
1/4/2022,224.75,235.75,223.75,231.75,21914,USD,5.677595,847.429933,0.886255,124418.8168,18570579.55,19421.39207
1/5/2022,232.05,233.75,230.05,231.75,12325,USD,5.709171,838.519557,0.883903,70365.53258,10334753.54,10894.10448
1/6/2022,230.6,232,227.55,231.7,13695,USD,5.683896,837.619959,0.885197,77840.95572,11471205.34,12122.77292
1/7/2022,232,240.5,231.35,238.45,25955,USD,5.635804,828.310396,0.88015,146277.2928,21498796.33,22844.29325
1/10/2022,238.4,239,232.55,234.9,21066,USD,5.6635,835.577447,0.882503,119307.291,17602274.5,18590.8082
1/11/2022,235.75,238.15,233.55,237.05,17528,USD,5.569296,828.250347,0.879802,97618.62029,14517572.08,15421.16946
1/12/2022,238.25,244.9,238,240.85,22286,USD,5.5347,823.420108,0.874105,123346.3242,18350740.53,19480.30403
1/13/2022,241.3,242.65,236.35,237,19234,USD,5.528201,816.498862,0.872904,106329.418,15704539.11,16789.43554
1/14/2022,236.65,240.2,234.7,239.65,16525,USD,5.534904,819.710396,0.875955,91464.2886,13545714.29,14475.15638
1/18/2022,239,241.65,237.75,239.6,16808,USD,5.567203,817.910161,0.882595,93573.54802,13747433.99,14834.65676
1/19/2022,238.4,245,238.35,244.45,17077,USD,5.4387,809.010211,0.881595,92876.6799,13815467.37,15054.99782
1/20/2022,245,245,241,243.65,14338,USD,5.419596,802.759401,0.883896,77706.16745,11509964.29,12673.30085
1/21/2022,241.3,242.2,236,237.9,21504,USD,5.458704,798.960396,0.881465,117383.9708,17180844.36,18955.02336
1/24/2022,237.45,237.5,230.45,232.95,30854,USD,5.487597,807.360415,0.88305,169314.3178,24910298.24,27245.6247
1/25/2022,235,239,234.55,237.9,21335,USD,5.444243,799.959805,0.884698,116152.9244,17067142.44,18875.03183
1/26/2022,238.6,241.35,237.25,238.9,10682,USD,5.432726,803.000102,0.88955,58032.37913,8577647.09,9502.1731
1/27/2022,237.25,237.75,231.55,232.05,27590,USD,5.407074,805.250281,0.897295,149181.1717,22216855.25,24756.36905
1/28/2022,233.05,237.9,230.3,235.9,15328,USD,5.368113,813.380396,0.89703,82282.43606,12467494.71,13749.67584
1/31/2022,235.35,237.7,233.8,235.1,18124,USD,5.304596,800.729959,0.89051,96140.4979,14512429.78,16139.60324
2/1/2022,235.75,240.85,235.75,236.7,27180,USD,5.266196,802.866982,0.887099,143135.2073,21821924.57,24111.35082
2/1/2022,235.75,240.85,235.75,236.7,27180,USD,5.266196,802.866982,0.887099,143135.2073,21821924.57,24111.35082
2/2/2022,237.7,240.35,236.25,238.8,17511,USD,5.262399,802.793437,0.885055,92149.86889,14057715.88,15498.19811
2/3/2022,239.5,244.3,237.85,243.9,25158,USD,5.284398,818.629977,0.874455,132944.8849,20595092.96,21999.53889
2/4/2022,244.05,244.4,238.1,241.85,24383,USD,5.328504,828.503912,0.873404,129924.913,20201410.89,21296.20973
2/7/2022,241.6,242.9,239.55,241.65,22859,USD,5.263801,824.680253,0.874602,120325.2271,18851365.9,19992.52712
2/8/2022,242,250,241.75,248.95,49900,USD,5.260033,827.580252,0.875645,262475.6467,41296254.57,43694.6855
2/9/2022,248.3,259.5,247.9,258.35,45254,USD,5.236,813.312179,0.875505,236949.944,36805629.35,39620.10327
2/10/2022,259.1,260.45,253.65,255.2,30097,USD,5.250202,805.250312,0.876103,158015.3296,24235618.64,26368.07199
2/11/2022,254.6,256.8,250.85,251.65,24392,USD,5.253404,810.010396,0.881104,128141.0304,19757773.58,21491.88877
2/14/2022,251.25,253.9,244.8,247.55,16805,USD,5.215397,813.380165,0.884515,87644.74659,13668853.67,14864.27458
2/15/2022,249.45,252.2,246.95,251.85,15138,USD,5.159395,800.949777,0.880555,78102.92151,12124777.72,13329.84159
2/16/2022,253,254.55,250.05,252.25,16712,USD,5.137301,798.050007,0.87925,85854.57431,13337011.72,14694.026
2/17/2022,252.2,253.6,248.95,251.5,1147,USD,5.172098,795.249978,0.879805,5932.396406,912151.7248,1009.136335
2/18/2022,252.35,252.35,244.3,246.85,100,USD,5.139041,801.250396,0.883204,513.9041,80125.0396,88.3204
2/22/2022,246.7,249.1,244,248.45,58,USD,5.058599,792.720138,0.882665,293.398742,45977.768,51.19457
2/23/2022,249.5,252.75,248.4,248.6,25,USD,5.01015,791.179807,0.884535,125.25375,19779.49518,22.113375
2/24/2022,248.5,248.5,238.95,239.35,54,USD,5.123699,816.750093,0.893702,276.679746,44104.50502,48.259908
2/25/2022,243.35,243.35,239.5,240.05,25,USD,5.163041,802.190396,0.887104,129.076025,20054.7599,22.1776
2/28/2022,239.5,239.5,233.95,234.25,12,USD,5.159903,799.196871,0.89162,61.918836,9590.362452,10.69944
3/1/2022,236.95,236.95,236,237.25,4,USD,5.160902,806.68969,0.89825,20.643608,3226.75876,3.593
3/2/2022,235,235,229,230.45,8,USD,5.100102,804.860189,0.89982,40.800816,6438.881512,7.19856
3/3/2022,231.55,231.55,224,224.15,11,USD,5.032398,796.130086,0.903699,55.356378,8757.430946,9.940689
3/4/2022,224.25,224.9,223.4,224.15,6,USD,5.062816,805.122538,0.913435,30.376896,4830.735228,5.48061
3/7/2022,226.35,229.55,225.2,225.5,9,USD,5.112015,812.559727,0.92039,46.008135,7313.037543,8.28351
3/8/2022,223.2,233.4,223.2,234.05,8,USD,5.060398,809.90111,0.91772,40.483184,6479.20888,7.34176
3/9/2022,235.2,235.55,227.75,230.45,0,USD,5.013197,804.502996,0.90314,0,0,0
3/10/2022,230,230,223.85,225.2,6,USD,5.011202,801.999911,0.90795,30.067212,4811.999466,5.4477
3/11/2022,224.38,225.4,221.23,222.95,0,USD,5.075041,805.960396,0.91642,0,0,0
3/14/2022,220.5,224.05,218.8,219.65,27,USD,5.123101,813.501624,0.91367,138.323727,21964.54385,24.66909
3/15/2022,211.5,211.5,211.5,212.3,8,USD,5.164706,809.87979,0.91166,41.317648,6479.03832,7.29328
3/16/2022,214.3,214.3,211.3,218.6,10,USD,5.078698,798.110004,0.90725,50.78698,7981.10004,9.0725
3/17/2022,216,218,216,217.3,6,USD,5.040901,799.56024,0.90097,30.245406,4797.36144,5.40582
3/18/2022,215.85,220.9,214.38,220.3,0,USD,5.02375,803.510396,0.90395,0,0,0
3/21/2022,222.65,222.65,222.65,225.85,34,USD,4.936502,793.760024,0.907701,167.841068,26987.84082,30.861834
3/22/2022,224.9,227.85,223.3,225.05,14170,USD,4.911498,792.779994,0.90675,69595.92666,11233692.51,12848.6475
3/23/2022,224.2,228.65,223.2,225.3,12995,USD,4.825695,792.609934,0.90845,62709.90652,10299966.09,11805.30775
3/24/2022,225.7,227.1,220.55,221.85,11844,USD,4.827799,789.110011,0.90833,57180.45136,9346218.97,10758.26052
3/25/2022,222.95,223.2,219.4,221.85,9393,USD,4.743204,778.010396,0.91045,44552.91517,7307851.65,8551.85685
3/28/2022,221.75,222.95,212.5,214.55,23422,USD,4.765601,778.580321,0.90963,111619.9066,18235908.28,21305.35386
3/29/2022,215.25,217.4,214,215.7,12360,USD,4.7577,780.210261,0.90156,58805.172,9643398.826,11143.2816
3/30/2022,215.55,223.2,213.1,221.85,16235,USD,4.771203,789.129702,0.89597,77460.48071,12811520.71,14546.07295
3/31/2022,222.05,227.65,220.15,226.4,18054,USD,4.739298,786.7801,0.90318,85563.28609,14204527.93,16306.01172
4/1/2022,226,230.4,224.8,228.4,13418,USD,4.658887,783.000361,0.905104,62512.94577,10506298.84,12144.68547
4/4/2022,227.8,231.85,226.25,230.6,20019,USD,4.595298,779.029917,0.91112,91993.27066,15595399.91,18239.71128
4/5/2022,231.7,232.25,228.8,231.3,20022,USD,4.652312,787.410035,0.91685,93148.59086,15765523.72,18357.1707
4/6/2022,230.95,231.55,225,227.6,30556,USD,4.7167,799.909561,0.91761,144123.4852,24442036.55,28038.49116
4/7/2022,229.2,230.25,224.2,226.15,29011,USD,4.753598,806.04998,0.9205,137906.6316,23384315.97,26704.6255
4/8/2022,225.15,233,224.8,231.65,34344,USD,4.699604,815.000361,0.91947,161403.1998,27990372.4,31578.27768
4/11/2022,231.65,237.6,230.95,236.6,28212,USD,4.695098,817.24958,0.91932,132458.1048,23056245.15,25935.85584
4/12/2022,237.4,237.75,232.75,233.6,19657,USD,4.674596,806.050186,0.92372,91888.53357,15844528.51,18157.56404
4/13/2022,233.85,235,224.65,225.05,25953,USD,4.691703,805.850297,0.91775,121763.768,20914232.76,23818.36575
4/14/2022,225.85,227.7,221,223.6,15622,USD,4.7025,815.399602,0.92416,73462.455,12738172.58,14437.22752
4/18/2022,223.75,225.75,220.15,223.75,15142,USD,4.653496,816.58967,0.92752,70463.23643,12364800.78,14044.50784
4/19/2022,223.35,225.15,220.1,221.7,22402,USD,4.666503,819.797564,0.92643,104539.0002,18365105.03,20753.88486
4/20/2022,221.95,223.4,218.65,219.45,20818,USD,4.622302,815.430111,0.9217,96227.08304,16975624.05,19187.9506
4/21/2022,220.5,228.9,217.6,228.1,19222,USD,4.622302,824.849611,0.92295,88849.88904,15855259.22,17740.9449
4/22/2022,227.5,229.65,226,227.3,70,USD,4.796678,837.250396,0.92598,335.76746,58607.52772,64.8186
4/25/2022,226.4,226.4,221.2,220.8,36,USD,4.877702,844.909837,0.93337,175.597272,30416.75413,33.60132
4/26/2022,221.45,223.35,219.1,221.15,12525,USD,4.999297,846.910095,0.93956,62616.19493,10607548.94,11767.989
4/27/2022,219.88,222.38,214.58,215.68,0,USD,4.9651,846.95025,0.94744,0,0,0
4/28/2022,216.3,218.15,214.25,217.6,14570,USD,4.939297,858.010146,0.95215,71965.55729,12501207.83,13872.8255
4/29/2022,217.9,224.4,217.8,222.55,14478,USD,4.97275,852.510396,0.94835,71995.4745,12342645.51,13730.2113
5/2/2022,220.45,220.7,214.75,216.38,0,USD,5.0862,861.260197,0.95159,0,0,0
5/3/2022,216.9,220.8,215.4,217.95,14441,USD,4.960556,855.51024,0.9499,71635.3892,12354423.38,13717.5059
5/4/2022,218.3,221.75,217.9,220.8,14527,USD,4.920303,853.509714,0.941503,71477.24168,12398935.62,13677.21408
5/5/2022,221,222.9,216.1,217.25,14911,USD,5.029504,862.279921,0.94882,74994.93414,12857455.9,14147.85502
5/6/2022,216.3,216.5,210,210.45,25897,USD,5.081904,858.990396,0.94804,131606.0679,22245274.29,24551.39188
5/9/2022,210,212,203.35,206.1,23737,USD,5.162399,868.759442,0.94648,122539.8651,20621742.87,22466.59576
5/10/2022,207.1,207.8,202.3,203.8,16183,USD,5.132803,866.850036,0.94955,83064.15095,14028234.13,15366.56765
5/11/2022,204.05,220.45,204.05,219.9,29972,USD,5.138057,862.129954,0.95128,153997.8444,25839758.98,28511.76416
5/12/2022,217.9,218.5,212.55,215.3,18989,USD,5.134898,865.659906,0.96346,97506.57812,16438015.96,18295.14194
5/13/2022,215.9,216.85,209.65,212.9,19974,USD,5.059804,860.403912,0.96055,101064.5251,17185707.74,19186.0257
5/16/2022,224,224,223.5,225.8,5,USD,5.061202,857.779925,0.95798,25.30601,4288.899625,4.7899
5/17/2022,224,229.35,220.55,227.2,18764,USD,4.939598,850.999966,0.94809,92686.61687,15968163.36,17789.96076
5/18/2022,226.5,226.5,215.75,217.6,18109,USD,4.969298,854.729756,0.95485,89989.01748,15478301.15,17291.37865
5/19/2022,218,219.4,213.2,218.7,14519,USD,4.931497,837.550217,0.9453,71600.40494,12160391.6,13724.8107
5/20/2022,221.9,223.3,214.3,215.85,14559,USD,4.881704,836.503912,0.94675,71072.72854,12178660.45,13783.73325
5/23/2022,216.85,217.7,214.75,215.75,12024,USD,4.81501,830.480198,0.93618,57895.68024,9985693.901,11256.62832
5/24/2022,215.25,215.6,211,213.65,15176,USD,4.819401,830.359566,0.93155,73139.22958,12601536.77,14137.2028
5/25/2022,213.2,218.3,212.25,217.05,17428,USD,4.8243,832.096392,0.93578,84077.9004,14501775.92,16308.77384
5/26/2022,216.85,227.3,216.5,226.6,20949,USD,4.769699,823.819609,0.93174,99920.42435,17258196.99,19519.02126
5/27/2022,225.1,229.9,224.2,229.45,14248,USD,4.731041,826.503912,0.931505,67407.87217,11776027.74,13272.08324
5/31/2022,228.3,233.8,223.85,231.25,25579,USD,4.731896,824.210217,0.93164,121037.1678,21082473.14,23830.41956
6/1/2022,232.05,240.65,232.05,239.45,30339,USD,4.81703,823.609967,0.93875,146143.8732,24987502.79,28480.73625
6/2/2022,239.45,242,236.95,238.25,19679,USD,4.797201,813.229752,0.93017,94404.11848,16003548.29,18304.81543
6/3/2022,236.15,240,231.45,232.4,19089,USD,4.774604,811.810396,0.93285,91142.41576,15496648.65,17807.17365
6/6/2022,233.6,240.45,232.85,237.55,27694,USD,4.795697,822.739919,0.93536,132812.0327,22784959.32,25903.85984
6/7/2022,235.4,238.65,230.75,232.15,28721,USD,4.871265,824.999454,0.934803,139907.6021,23694809.32,26848.47696
6/8/2022,233,234.6,229.85,231.85,21824,USD,4.899602,821.750292,0.93307,106928.914,17933878.37,20363.31968
6/9/2022,231.25,235.7,230.3,234.65,23006,USD,4.904802,826.504533,0.94172,112839.8748,19014563.29,21665.21032
6/10/2022,234,235.45,227.8,228.9,38907,USD,4.985435,844.630396,0.950765,193968.3195,32862034.82,36991.41386
6/13/2022,226.8,227.85,218.9,223.35,22838,USD,5.114899,862.96036,0.96017,116814.0634,19708288.7,21928.36246
6/14/2022,224.25,229.25,222.9,226.95,12874,USD,5.117597,869.040151,0.957898,65883.94378,11188022.9,12331.97885
6/15/2022,225.85,229.7,221.75,228.5,9194,USD,5.053498,857.019737,0.956402,46461.86061,7879439.462,8793.159988
6/16/2022,228.5,233,226.2,231.95,5592,USD,5.053701,867.091881,0.94818,28260.29599,4848777.799,5302.22256
6/17/2022,232.7,234.5,226.8,227.65,9111,USD,5.153604,876.803912,0.952804,46954.48604,7988560.442,8680.997244
6/21/2022,227.6,235.25,227.4,232.35,30335,USD,5.124298,874.000169,0.94946,155445.5798,26512795.13,28801.8691
6/22/2022,231.25,237.1,230.4,236.4,13143,USD,5.195099,890.259575,0.94675,68279.18616,11700681.59,12443.13525
6/23/2022,235.55,236.25,228.1,229,16824,USD,5.239499,904.029323,0.95059,88149.33118,15209389.33,15992.72616
6/24/2022,231.25,234.45,226,226.6,137,USD,5.243504,917.870396,0.94725,718.360048,125748.2443,129.77325
6/27/2022,223.45,226,220.1,222.1,15596,USD,5.238302,920.590227,0.94513,81696.55799,14357525.18,14740.24748
6/28/2022,223.45,224.35,217.1,217.75,16942,USD,5.268102,911.180408,0.95028,89252.18408,15437218.47,16099.64376
6/29/2022,218,230.2,217.55,228.25,26697,USD,5.182399,926.801353,0.95728,138354.5061,24742815.72,25556.50416
6/30/2022,227.85,231.65,227.85,230.1,14051,USD,5.253501,916.750429,0.95444,73816.94255,12881260.28,13410.83644
7/1/2022,232.85,232.85,227.9,228.45,72,USD,5.33245,932.580396,0.958904,383.9364,67145.78851,69.041088
7/5/2022,224.5,225.9,220.15,221.05,15307,USD,5.386902,953.297463,0.973635,82457.30891,14592124.27,14903.43095
7/6/2022,222.2,223.95,218.3,219.2,15302,USD,5.4299,970.000065,0.98195,83088.3298,14842940.99,15025.7989
7/7/2022,219.2,223.7,218.35,218.9,15350,USD,5.339913,951.780208,0.983895,81967.66455,14609826.19,15102.78825
7/8/2022,222.35,222.35,219,222.9,75,USD,5.255504,974.110396,0.98175,394.1628,73058.2797,73.63125
7/11/2022,222.7,222.7,222.7,216.9,10,USD,5.354301,992.759579,0.991925,53.54301,9927.59579,9.91925
7/12/2022,216,216,209,209.25,9,USD,5.378497,993.170095,0.997805,48.406473,8938.530855,8.980245
7/13/2022,209.8,209.8,209.8,211.25,2,USD,5.3924,1012.69594,0.996775,10.7848,2025.39188,1.99355
7/14/2022,206.88,206.88,194.98,199.2,0,USD,5.424299,1009.339735,0.997475,0,0,0
7/15/2022,198.15,202.15,194.65,203.7,0,USD,5.407804,1050.750396,0.99138,0,0,0
7/18/2022,216.3,216.3,216.3,219.1,2,USD,5.438302,1050.760388,0.985725,10.876604,2101.520776,1.97145
7/19/2022,214.98,216.72,211.45,220.4,0,USD,5.414603,1050.759961,0.977425,0,0,0
7/20/2022,216,218.6,213.95,218.15,13331,USD,5.471703,927.459964,0.982085,72943.27269,12363968.78,13092.17514
7/21/2022,217.3,218.25,214.3,215.85,11857,USD,5.499304,928.820409,0.978405,65205.24753,11013023.59,11600.94809
7/22/2022,214.8,214.8,205.5,206.7,21963,USD,5.497804,952.430396,0.97904,120748.2693,20918228.79,21502.65552
7/25/2022,205.2,211.25,204.2,210.05,15069,USD,5.357803,936.92976,0.97815,80736.73341,14118594.55,14739.74235
7/26/2022,210.5,215.1,209.65,213.2,13848,USD,5.351601,924.908796,0.987245,74108.97065,12808137.01,13671.36876
7/27/2022,213.05,220.25,212.55,219.1,19700,USD,5.244497,910.25026,0.97965,103316.5909,17931930.12,19299.105
7/28/2022,219.3,221.4,214.25,218.4,14416,USD,5.184198,908.950134,0.981165,74735.39837,13103425.13,14144.47464
7/29/2022,219.4,220.4,211.95,217.2,19367,USD,5.172804,902.480396,0.97795,100181.6951,17478337.83,18939.95765
8/1/2022,217.55,222.2,210.4,213.2,19378,USD,5.1855,891.749391,0.974565,100484.619,17280319.7,18885.12057
8/2/2022,211.7,212.8,205.9,209.9,18769,USD,5.279203,909.790322,0.984705,99085.36111,17075854.55,18481.92815
8/3/2022,207.8,218.55,207.4,214.65,19564,USD,5.284199,911.620277,0.984515,103380.0692,17834939.1,19261.05146
8/4/2022,214.8,220.45,214.15,219.3,22022,USD,5.2126,902.395784,0.975855,114791.8772,19872559.96,21490.27881
8/5/2022,220.1,221.95,208.55,209.45,36198,USD,5.16605,918.140396,0.982295,187000.6779,33234846.05,35557.11441
8/8/2022,210.4,215.7,207.5,211.85,25344,USD,5.111604,905.8977,0.980655,129548.4918,22959071.31,24853.72032
8/9/2022,212,213.5,208.2,212.75,21427,USD,5.125197,903.749804,0.979645,109817.5961,19364647.05,20990.85342
8/10/2022,212.75,221.35,212.6,220.45,21800,USD,5.095199,887.579421,0.97095,111075.3382,19349231.38,21166.71
8/11/2022,221.2,224.45,215.25,223.95,20781,USD,5.158502,884.909982,0.96945,107198.8301,18389314.34,20146.14045
8/12/2022,223.85,227.7,221.25,226.6,16572,USD,5.076404,875.760396,0.974325,84126.16709,14513101.28,16146.5139
8/15/2022,226.05,226.25,221.65,225.5,10182,USD,5.0971,881.010391,0.984095,51898.6722,8970447.801,10020.05529
8/16/2022,224.9,225,218.7,219.35,11230,USD,5.145672,881.496076,0.983255,57785.89656,9899200.933,11041.95365
8/17/2022,219,222.1,215.9,217.45,5865,USD,5.166505,897.645332,0.98245,30301.55183,5264689.872,5762.06925
8/18/2022,218,220.7,214.35,214.7,7487,USD,5.168503,929.692558,0.991125,38696.58196,6960608.182,7420.552875
8/19/2022,215.2,217.55,212.6,215.95,9615,USD,5.169904,944.503912,0.995835,49708.62696,9081405.114,9574.953525
8/22/2022,215,225.6,213.55,224.3,10077,USD,5.157602,938.000054,1.006125,51973.15535,9452226.544,10138.72163
8/23/2022,224.55,231.6,222.8,230.65,242,USD,5.104987,916.749783,1.003355,1235.406854,221853.4475,242.81191
8/24/2022,234.35,242.35,234.35,242.95,62,USD,5.111602,921.430281,1.00325,316.919324,57128.67742,62.2015
8/25/2022,242.65,246.9,241.95,243.4,20,USD,5.110302,898.502819,1.002915,102.20604,17970.05638,20.0583
8/26/2022,242.6,245.25,242.45,242,18,USD,5.06403,893.150396,1.00345,91.15254,16076.70713,18.0621
8/29/2022,240.55,240.55,240.55,240.5,1,USD,5.028698,882.51009,0.99875,5.028698,882.51009,0.99875
8/30/2022,238.75,241.75,238.75,239.15,14,USD,5.123398,890.45015,0.997535,71.727572,12466.3021,13.96549
8/31/2022,240.75,240.75,239.65,239.1,12,USD,5.183302,897.000217,0.996145,62.199624,10764.0026,11.95374
