data,USDBRL,USDCLP,USDEUR
2019-02-01,3.659804,653.903912,0.872795
2019-02-02,3.659804,653.903912,0.872795
2019-02-03,3.658799,653.898173,0.872995
2019-02-04,3.6685,652.601156,0.874445
2019-02-05,3.669798,651.490528,0.876465
2019-02-06,3.698198,654.777673,0.879845
2019-02-07,3.716397,658.601353,0.88196
2019-02-08,3.730104,658.103912,0.882185
2019-02-09,3.729304,657.270396,0.882185
2019-02-10,3.730103,658.101494,0.88309
2019-02-11,3.756697,661.903383,0.88663
2019-02-12,3.709503,660.302645,0.882285
2019-02-13,3.754703,663.598309,0.88774
2019-02-14,3.723498,664.398401,0.88535
2019-02-15,3.700504,661.803912,0.88523
2019-02-16,3.700504,661.903912,0.88523
2019-02-17,3.700097,661.901398,0.88523
2019-02-18,3.733197,660.902758,0.884045
2019-02-19,3.7235,655.601767,0.881796
2019-02-20,3.725503,653.196482,0.881375
2019-02-21,3.768026,654.501978,0.881799
2019-02-22,3.748204,651.303912,0.881715
2019-02-23,3.748504,650.855041,0.881715
2019-02-24,3.747802,651.321313,0.881695
2019-02-25,3.751899,650.5971,0.879898
2019-02-26,3.748603,648.103082,0.877745
2019-02-27,3.728797,649.199511,0.878745
2019-02-28,3.750984,655.794813,0.879265
2019-03-01,3.776404,659.803912,0.878925
2019-03-02,3.774204,659.803912,0.878925
2019-03-03,3.77415,659.802706,0.879075
2019-03-04,3.775598,660.202571,0.882065
2019-03-05,3.775898,657.804156,0.88448
2019-03-06,3.84035,660.303308,0.88398
2019-03-07,3.870798,667.802416,0.89302
2019-03-08,3.869604,671.303912,0.88972
2019-03-09,3.869604,671.303912,0.88972
2019-03-10,3.86655,667.30501,0.89031
2019-03-11,3.838798,670.704511,0.88819
2019-03-12,3.813102,665.507555,0.885965
2019-03-13,3.814803,668.694974,0.882555
2019-03-14,3.841974,671.705262,0.884325
2019-03-15,3.814504,670.000361,0.881485
2019-03-16,3.814504,670.000361,0.881485
2019-03-17,3.814501,670.000306,0.88344
2019-03-18,3.791497,668.280158,0.882155
2019-03-19,3.789203,667.382409,0.880705
2019-03-20,3.7757,662.501488,0.87508
2019-03-21,3.792501,667.503814,0.879155
2019-03-22,3.907504,678.903912,0.883355
2019-03-23,3.905504,671.825041,0.883355
2019-03-24,3.907502,678.900738,0.885305
2019-03-25,3.8551,679.684946,0.88376
2019-03-26,3.876498,680.601894,0.88697
2019-03-27,3.99175,681.499774,0.88878
2019-03-28,3.901298,682.601415,0.890505
2019-03-29,3.923104,680.503912,0.89035
2019-03-30,3.923104,680.503912,0.89035
2019-03-31,3.92545,680.499211,0.89099
2019-04-01,3.85205,668.818945,0.892435
2019-04-02,3.853797,673.396279,0.892585
2019-04-03,3.869801,667.501071,0.889245
2019-04-04,3.857401,665.0977,0.890981
2019-04-05,3.875304,665.303912,0.89027
2019-04-06,3.875304,665.303912,0.89027
2019-04-07,3.8755,665.30529,0.891499
2019-04-08,3.849705,663.999773,0.88841
2019-04-09,3.849501,664.699323,0.887665
2019-04-10,3.8255,662.398196,0.88683
2019-04-11,3.857302,663.898058,0.88807
2019-04-12,3.881904,661.103912,0.88343
2019-04-13,3.875804,661.103912,0.88343
2019-04-14,3.880969,661.112855,0.88468
2019-04-15,3.8719,660.869527,0.884605
2019-04-16,3.905296,661.895025,0.886155
2019-04-17,3.938199,662.105048,0.885221
2019-04-18,3.928202,662.240014,0.890035
2019-04-19,3.936041,662.220396,0.889165
2019-04-20,3.936041,662.220396,0.889165
2019-04-21,3.936014,662.195036,0.889355
2019-04-22,3.935597,664.470236,0.88821
2019-04-23,3.9198,667.898411,0.89095
2019-04-24,3.991098,672.897423,0.89661
2019-04-25,3.954202,674.685009,0.897955
2019-04-26,3.929904,675.103912,0.89578
2019-04-27,3.925041,675.103912,0.89578
2019-04-28,3.930701,675.085012,0.89687
2019-04-29,3.945799,678.179965,0.89406
2019-04-30,3.918397,677.69765,0.891596
2019-05-01,3.920797,678.701907,0.892825
2019-05-02,3.967699,682.302517,0.895005
2019-05-03,3.939041,677.005041,0.89194
2019-05-04,3.939041,677.005041,0.89194
2019-05-05,3.938099,676.70501,0.894025
2019-05-06,3.969697,679.304736,0.892745
2019-05-07,3.970198,684.596918,0.89365
2019-05-08,3.927797,684.104997,0.893025
2019-05-09,3.946897,684.995004,0.891301
2019-05-10,3.957204,686.000361,0.890035
2019-05-11,3.957204,686.000361,0.890035
2019-05-12,3.961197,686.604979,0.88999
2019-05-13,3.99405,693.375014,0.89031
2019-05-14,3.976602,692.403383,0.89253
2019-05-15,4.001405,692.309982,0.89231
2019-05-16,4.0477,693.995008,0.894987
2019-05-17,4.099204,697.205041,0.89546
2019-05-18,4.099204,697.205041,0.89546
2019-05-19,4.098901,697.389763,0.89566
2019-05-20,4.096403,695.894976,0.895403
2019-05-21,4.039499,695.798647,0.8956
2019-05-22,4.040399,697.514959,0.896455
2019-05-23,4.042302,696.395633,0.894125
2019-05-24,4.022604,693.920396,0.89234
2019-05-25,4.022304,693.920396,0.89234
2019-05-26,4.0227,694.004986,0.89212
2019-05-27,4.043599,699.184982,0.89338
2019-05-28,4.025102,707.502983,0.895403
2019-05-29,3.974898,704.801968,0.897915
2019-05-30,3.981495,709.674979,0.89841
2019-05-31,3.925041,709.680396,0.89298
2019-06-01,3.925041,709.680396,0.89298
2019-06-02,3.925702,709.695041,0.89496
2019-06-03,3.885605,704.000188,0.88921
2019-06-04,3.8551,693.285012,0.888603
2019-06-05,3.880904,692.995023,0.89058
2019-06-06,3.879896,692.6894,0.88683
2019-06-07,3.877504,693.000361,0.881715
2019-06-08,3.877504,693.000361,0.881715
2019-06-09,3.877981,693.210374,0.883415
2019-06-10,3.885998,699.804987,0.88357
2019-06-11,3.856597,693.280142,0.88268
2019-06-12,3.8674,695.697478,0.885502
2019-06-13,3.8497,696.295008,0.88652
2019-06-14,3.896504,699.505041,0.88988
2019-06-15,3.887704,699.505041,0.88988
2019-06-16,3.896018,699.604956,0.89153
2019-06-17,3.888502,699.595017,0.89093
2019-06-18,3.860957,696.00025,0.89302
2019-06-19,3.83895,691.094986,0.890226
2019-06-20,3.839198,683.905033,0.88533
2019-06-21,3.822041,683.695041,0.877535
2019-06-22,3.822041,683.695041,0.877535
2019-06-23,3.822008,683.894998,0.878397
2019-06-24,3.827097,680.783762,0.8772
2019-06-25,3.846996,681.802396,0.879625
2019-06-26,3.844399,678.893708,0.87917
2019-06-27,3.819501,680.204974,0.879395
2019-06-28,3.851041,677.503912,0.878005
2019-06-29,3.851041,677.503912,0.878005
2019-06-30,3.851028,677.805013,0.880102
2019-07-01,3.841099,680.494965,0.88597
2019-07-02,3.845399,680.405033,0.885697
2019-07-03,3.826503,678.402635,0.886015
2019-07-04,3.802297,679.290818,0.886105
2019-07-05,3.822041,684.005041,0.89035
2019-07-06,3.822041,684.005041,0.89035
2019-07-07,3.819302,683.99498,0.890709
2019-07-08,3.802699,687.880101,0.89161
2019-07-09,3.800494,688.294993,0.892398
2019-07-10,3.75385,686.04499,0.888225
2019-07-11,3.756304,680.870177,0.8889
2019-07-12,3.738404,679.810396,0.885935
2019-07-13,3.738404,679.810396,0.885935
2019-07-14,3.7359,679.815003,0.88719
2019-07-15,3.755203,679.291317,0.88799
2019-07-16,3.768703,682.114973,0.89191
2019-07-17,3.763299,682.097109,0.890698
2019-07-18,3.718894,683.215111,0.88801
2019-07-19,3.748204,688.303912,0.890195
2019-07-20,3.74395,688.303912,0.890195
2019-07-21,3.747401,688.299008,0.89143
2019-07-22,3.741297,689.595052,0.892398
2019-07-23,3.773905,691.701804,0.896765
2019-07-24,3.772797,691.598925,0.897501
2019-07-25,3.778801,696.784995,0.897203
2019-07-26,3.776204,695.195041,0.89706
2019-07-27,3.776204,695.195041,0.89706
2019-07-28,3.774984,695.095037,0.898498
2019-07-29,3.781602,696.60089,0.897455
2019-07-30,3.790806,699.198917,0.896255
2019-07-31,3.813198,703.605002,0.903235
2019-08-01,3.838801,706.495003,0.902655
2019-08-02,3.887304,713.105041,0.89851
2019-08-03,3.887304,713.105041,0.89851
2019-08-04,3.885402,713.605006,0.90028
2019-08-05,3.974598,721.187957,0.88941
2019-08-06,3.960198,714.795021,0.892499
2019-08-07,3.968901,714.295038,0.89255
2019-08-08,3.919102,709.999946,0.89391
2019-08-09,3.941704,710.120396,0.884055
2019-08-10,3.941704,710.120396,0.884055
2019-08-11,3.941701,710.090019,0.89222
2019-08-12,3.985402,713.955016,0.891605
2019-08-13,3.963902,704.084977,0.89472
2019-08-14,4.0518,711.305026,0.89743
2019-08-15,3.9916,710.904977,0.899233
2019-08-16,4.005904,708.095041,0.90135
2019-08-17,4.005904,708.095041,0.90135
2019-08-18,4.006102,708.305044,0.901597
2019-08-19,4.074698,713.205006,0.902299
2019-08-20,4.0532,709.198782,0.90111
2019-08-21,4.025498,711.500177,0.901685
2019-08-22,4.069501,715.295012,0.902235
2019-08-23,4.120204,719.695041,0.88964
2019-08-24,4.08735,703.255041,0.88964
2019-08-25,4.127697,703.094991,0.89745
2019-08-26,4.155102,719.930121,0.900799
2019-08-27,4.12645,723.209852,0.901745
2019-08-28,4.1692,723.674967,0.90208
2019-08-29,4.169605,720.894981,0.904198
2019-08-30,4.145404,721.285041,0.908225
2019-08-31,4.145404,721.285041,0.908225
2019-09-01,4.145397,721.703383,0.90981
2019-09-02,4.185901,725.494977,0.9119
2019-09-03,4.166602,725.295026,0.911401
2019-09-04,4.094704,723.195472,0.90622
2019-09-05,4.107498,715.281732,0.906296
2019-09-06,4.061904,711.695041,0.89827
2019-09-07,4.06995,711.695041,0.89827
2019-09-08,4.062804,711.705012,0.90742
2019-09-09,4.094901,715.005033,0.90514
2019-09-10,4.080968,712.414975,0.90498
2019-09-11,4.06785,715.896392,0.90801
2019-09-12,4.060397,708.984982,0.904502
2019-09-13,4.085104,707.505041,0.89634
2019-09-14,4.085104,707.505041,0.89634
2019-09-15,4.085698,707.201973,0.902285
2019-09-16,4.080803,710.000129,0.908797
2019-09-17,4.077502,715.602223,0.90299
2019-09-18,4.110896,716.095002,0.906702
2019-09-19,4.168103,716.20504,0.905301
2019-09-20,4.147204,717.705041,0.907855
2019-09-21,4.147204,717.705041,0.907855
2019-09-22,4.149799,717.601099,0.90755
2019-09-23,4.162984,721.689776,0.90964
2019-09-24,4.163197,723.704969,0.907896
2019-09-25,4.148601,727.394992,0.913035
2019-09-26,4.170697,727.201579,0.91555
2019-09-27,4.159104,726.285041,0.91399
2019-09-28,4.17005,726.285041,0.91399
2019-09-29,4.158597,726.204963,0.91388
2019-09-30,4.156299,728.619669,0.917495
2019-10-01,4.1561,729.394972,0.914535
2019-10-02,4.12805,724.804993,0.912296
2019-10-03,4.0844,716.610431,0.91117
2019-10-04,4.057104,715.303912,0.91075
2019-10-05,4.057404,715.303912,0.91075
2019-10-06,4.056101,714.985012,0.910402
2019-10-07,4.106601,718.919797,0.911435
2019-10-08,4.09455,724.690238,0.912435
2019-10-09,4.109797,724.004961,0.910297
2019-10-10,4.109898,719.000042,0.90821
2019-10-11,4.113304,710.505041,0.90621
2019-10-12,4.113304,710.505041,0.906208
2019-10-13,4.109755,710.50026,0.906742
2019-10-14,4.125199,714.505413,0.906897
2019-10-15,4.180104,715.99964,0.90626
2019-10-16,4.150099,717.097134,0.90298
2019-10-17,4.162604,711.704435,0.898898
2019-10-18,4.112704,710.703912,0.895656
2019-10-19,4.112704,710.703912,0.895656
2019-10-20,4.112603,711.301922,0.89643
2019-10-21,4.128351,726.200338,0.896765
2019-10-22,4.079902,725.193384,0.89856
2019-10-23,4.034602,726.50114,0.89831
2019-10-24,4.040801,724.698692,0.900609
2019-10-25,4.004504,727.000361,0.902486
2019-10-26,4.004504,727.000361,0.902486
2019-10-27,4.0031,728.695506,0.902215
2019-10-28,3.990301,724.698722,0.901007
2019-10-29,3.998201,728.585115,0.899899
2019-10-30,3.987697,741.806315,0.896697
2019-10-31,4.017504,744.10406,0.896321
2019-11-01,3.990304,742.403912,0.893455
2019-11-02,3.989604,742.403912,0.895456
2019-11-03,3.989596,743.798782,0.89556
2019-11-04,4.0123,742.883085,0.898625
2019-11-05,3.9935,749.103861,0.90303
2019-11-06,4.083801,742.097847,0.90334
2019-11-07,4.101033,742.794475,0.904789
2019-11-08,4.163504,749.000361,0.907528
2019-11-09,4.163504,749.000361,0.907528
2019-11-10,4.163351,749.00011,0.90727
2019-11-11,4.152801,762.265629,0.906197
2019-11-12,4.169397,780.495399,0.908101
2019-11-13,4.170098,795.503224,0.908198
2019-11-14,4.195796,803.399235,0.90744
2019-11-15,4.196204,775.403912,0.904773
2019-11-16,4.197291,775.403912,0.904871
2019-11-17,4.19525,775.399723,0.904642
2019-11-18,4.217899,776.615562,0.903185
2019-11-19,4.1932,789.594317,0.902649
2019-11-20,4.196497,792.802522,0.90265
2019-11-21,4.193207,797.796581,0.903705
2019-11-22,4.196504,800.103912,0.907441
2019-11-23,4.196504,800.103912,0.907334
2019-11-24,4.196504,801.597453,0.907265
2019-11-25,4.226903,828.789287,0.908098
2019-11-26,4.233297,798.697333,0.907265
2019-11-27,4.264197,819.201753,0.90872
2019-11-28,4.189499,828.899807,0.90816
2019-11-29,4.24025,857.903912,0.907573
2019-11-30,4.239845,857.903912,0.907593
2019-12-01,4.236596,857.892693,0.907555
2019-12-02,4.223799,803.811096,0.902795
2019-12-03,4.2055,803.500918,0.9023
2019-12-04,4.207702,787.497258,0.90231
2019-12-05,4.186105,783.176996,0.90049
2019-12-06,4.141404,777.703912,0.904159
2019-12-07,4.141404,777.703912,0.904261
2019-12-08,4.14135,777.698985,0.904285
2019-12-09,4.142697,777.749762,0.9038
2019-12-10,4.146102,779.097764,0.90152
2019-12-11,4.125198,769.999967,0.898201
2019-12-12,4.090824,768.401212,0.893992
2019-12-13,4.108404,764.403912,0.89924
2019-12-14,4.108404,764.403912,0.899281
2019-12-15,4.10825,764.401624,0.89895
2019-12-16,4.063398,761.501567,0.89794
2019-12-17,4.071697,757.702842,0.896846
2019-12-18,4.063262,751.707612,0.89965
2019-12-19,4.070402,754.301661,0.899023
2019-12-20,4.100474,756.903912,0.902685
2019-12-21,4.100474,756.903912,0.902527
2019-12-22,4.10235,756.90499,0.90257
2019-12-23,4.083502,753.09797,0.901596
2019-12-24,4.084297,749.796248,0.901898
2019-12-25,4.08445,752.102622,0.90131
2019-12-26,4.054899,747.000356,0.90084
2019-12-27,4.046632,748.903912,0.895037
2019-12-28,4.046632,748.903912,0.894879
2019-12-29,4.04475,748.901028,0.89431
2019-12-30,4.019281,732.717817,0.892698
2019-12-31,4.019969,739.403125,0.891273
2020-01-01,4.019699,740.599459,0.891401
2020-01-02,4.024897,749.801353,0.895185
2020-01-03,4.066804,764.303912,0.896057
2020-01-04,4.066804,764.303912,0.896098
2020-01-05,4.057198,764.298478,0.89593
2020-01-06,4.061898,774.29673,0.893136
2020-01-07,4.067699,770.051286,0.896525
2020-01-08,4.064398,758.000256,0.899865
2020-01-09,4.093604,768.302664,0.900197
2020-01-10,4.095804,773.803912,0.899304
2020-01-11,4.080666,773.803912,0.899281
2020-01-12,4.09295,773.799823,0.89958
2020-01-13,4.147296,774.901353,0.89804
2020-01-14,4.132902,769.795264,0.898604
2020-01-15,4.175702,775.301767,0.89666
2020-01-16,4.185104,777.096685,0.897902
2020-01-17,4.161904,774.000361,0.901665
2020-01-18,4.161904,774.000361,0.901648
2020-01-19,4.161802,773.999477,0.90137
2020-01-20,4.189699,771.396714,0.901185
2020-01-21,4.2124,774.899323,0.90211
2020-01-22,4.182798,771.39649,0.901225
2020-01-23,4.170597,777.00028,0.90458
2020-01-24,4.181404,777.303912,0.90703
2020-01-25,4.181404,777.303912,0.906997
2020-01-26,4.18195,777.287145,0.907035
2020-01-27,4.207698,788.199758,0.907495
2020-01-28,4.194901,785.760217,0.90726
2020-01-29,4.230398,792.789851,0.907899
2020-01-30,4.243701,797.291627,0.90672
2020-01-31,4.282504,800.303912,0.901299
2020-02-01,4.282504,800.303912,0.901364
2020-02-01,4.282504,800.303912,0.901364
2020-02-02,4.282803,800.298647,0.90176
2020-02-03,4.248299,787.49567,0.90395
2020-02-04,4.255201,781.707367,0.905398
2020-02-05,4.235196,776.697382,0.909097
2020-02-06,4.2823,783.794218,0.910701
2020-02-07,4.320604,792.203912,0.913618
2020-02-08,4.320604,792.203912,0.913551
2020-02-09,4.320602,792.198106,0.913335
2020-02-10,4.324641,794.198726,0.916498
2020-02-11,4.331442,791.804195,0.915835
2020-02-12,4.355965,791.505819,0.919495
2020-02-13,4.350457,794.096439,0.922201
2020-02-14,4.297604,792.000361,0.923289
2020-02-15,4.297604,792.000361,0.923289
2020-02-16,4.297697,792.000381,0.92239
2020-02-17,4.327981,794.999866,0.922698
2020-02-18,4.356304,797.383762,0.926365
2020-02-19,4.365497,797.197068,0.925069
2020-02-20,4.3938,807.769215,0.926977
2020-02-21,4.389604,803.803912,0.92191
2020-02-22,4.389604,803.803912,0.92191
2020-02-23,4.39025,803.799486,0.92263
2020-02-24,4.388094,808.498032,0.921748
2020-02-25,4.388298,812.604135,0.919075
2020-02-26,4.4506,812.501546,0.918675
2020-02-27,4.486299,814.498884,0.90935
2020-02-28,4.473054,817.903912,0.906833
2020-02-29,4.473054,817.903912,0.906799
2020-03-01,4.478797,817.900489,0.904905
2020-03-02,4.473902,812.999973,0.897371
2020-03-03,4.514699,814.297658,0.894598
2020-03-04,4.5849,819.898965,0.897785
2020-03-05,4.6077,825.378575,0.89099
2020-03-06,4.62665,826.603912,0.886038
2020-03-07,4.627304,826.603912,0.886014
2020-03-08,4.627301,826.594813,0.87831
2020-03-09,4.724403,839.298999,0.877385
2020-03-10,4.643602,834.096125,0.883669
2020-03-11,4.815298,841.79982,0.88802
2020-03-12,4.791703,851.498173,0.89416
2020-03-13,4.859604,839.000361,0.897545
2020-03-14,4.859604,839.000361,0.897304
2020-03-15,4.859593,838.999991,0.896585
2020-03-16,5.0005,853.301488,0.896024
2020-03-17,5.011201,848.300226,0.90789
2020-03-18,5.107612,868.000275,0.91234
2020-03-19,5.095701,862.303002,0.938435
2020-03-20,5.063904,863.303912,0.929152
2020-03-21,5.063904,863.303912,0.929066
2020-03-22,5.05425,863.303608,0.935159
2020-03-23,5.143198,860.70163,0.929015
2020-03-24,5.099601,845.404586,0.92574
2020-03-25,5.035197,846.847361,0.91835
2020-03-26,5.024098,829.403045,0.90516
2020-03-27,5.100504,830.603912,0.895504
2020-03-28,5.100504,830.603912,0.895375
2020-03-29,5.108225,831.297767,0.89781
2020-03-30,5.194203,859.701015,0.90665
2020-03-31,5.204986,856.697052,0.906935
2020-04-01,5.249706,865.897378,0.91299
2020-04-02,5.256797,862.9008,0.921945
2020-04-03,5.346768,865.503912,0.925555
2020-04-04,5.346768,865.503912,0.925498
2020-04-05,5.34983,865.698024,0.925375
2020-04-06,5.286805,850.601015,0.925799
2020-04-07,5.223199,859.430108,0.91789
2020-04-08,5.124975,844.603454,0.920705
2020-04-09,5.107301,842.298726,0.915265
2020-04-10,5.107041,840.540396,0.914369
2020-04-11,5.107041,840.540396,0.914453
2020-04-12,5.106968,840.482409,0.91474
2020-04-13,5.201445,850.200846,0.915701
2020-04-14,5.163503,849.557375,0.91035
2020-04-15,5.238496,857.130108,0.917027
2020-04-16,5.232403,852.701917,0.92099
2020-04-17,5.234204,853.303912,0.91954
2020-04-18,5.236922,853.303912,0.91954
2020-04-19,5.234199,853.30141,0.92026
2020-04-20,5.316904,857.700258,0.920425
2020-04-21,5.316505,858.797786,0.92117
2020-04-22,5.458402,858.799227,0.925303
2020-04-23,5.534596,860.398439,0.928096
2020-04-24,5.59345,857.403912,0.923788
2020-04-25,5.59345,857.403912,0.924039
2020-04-26,5.58185,857.999983,0.924102
2020-04-27,5.654102,857.60548,0.924034
2020-04-28,5.498898,844.697792,0.92298
2020-04-29,5.3363,834.599723,0.919385
2020-04-30,5.487498,835.097666,0.91366
2020-05-01,5.487304,834.703912,0.901429
2020-05-02,5.487404,834.703912,0.901348
2020-05-03,5.480996,834.703778,0.912475
2020-05-04,5.542098,838.198488,0.91712
2020-05-05,5.579596,835.202101,0.92266
2020-05-06,5.7167,843.102072,0.926085
2020-05-07,5.832411,838.501861,0.92278
2020-05-08,5.732404,825.803912,0.911536
2020-05-09,5.732304,825.803912,0.911536
2020-05-10,5.481003,825.79797,0.922585
2020-05-11,5.818599,823.999764,0.925155
2020-05-12,5.886297,825.000115,0.92197
2020-05-13,5.887898,817.295264,0.924103
2020-05-14,5.811012,822.298339,0.92536
2020-05-15,5.856671,827.703912,0.924078
2020-05-16,5.856671,827.703912,0.924078
2020-05-17,5.856701,827.685115,0.924298
2020-05-18,5.720502,819.500729,0.916196
2020-05-19,5.7567,819.302091,0.915303
2020-05-20,5.691973,803.906901,0.9107
2020-05-21,5.553897,804.695805,0.913201
2020-05-22,5.530204,808.503912,0.917389
2020-05-23,5.530204,808.503912,0.917011
2020-05-24,5.530203,808.601015,0.916784
2020-05-25,5.444902,805.066847,0.917305
2020-05-26,5.345498,807.187415,0.910802
2020-05-27,5.274302,820.404675,0.90773
2020-05-28,5.405096,808.598106,0.90263
2020-05-29,5.334904,799.000361,0.900495
2020-05-30,5.334904,799.000361,0.900495
2020-05-31,5.336299,799.000266,0.899502
2020-06-01,5.368,792.81272,0.89883
2020-06-02,5.200795,777.302334,0.89385
2020-06-03,5.0631,785.705338,0.890099
2020-06-04,5.118701,770.898739,0.882101
2020-06-05,4.965428,766.625041,0.885665
2020-06-06,4.965428,766.625041,0.885622
2020-06-07,4.960992,766.799549,0.883455
2020-06-08,4.823096,767.612991,0.884545
2020-06-09,4.8999,769.897055,0.882465
2020-06-10,4.9737,773.49855,0.879885
2020-06-11,4.976501,792.8029,0.885915
2020-06-12,5.049304,792.203912,0.888324
2020-06-13,5.049304,792.203912,0.888462
2020-06-14,5.0493,792.206428,0.888765
2020-06-15,5.156124,783.301816,0.882035
2020-06-16,5.245104,784.29757,0.88768
2020-06-17,5.2294,801.597997,0.88948
2020-06-18,5.378696,817.499526,0.8921
2020-06-19,5.31147,817.303912,0.894494
2020-06-20,5.31147,817.303912,0.894666
2020-06-21,5.311504,817.300322,0.89468
2020-06-22,5.253397,819.703622,0.88658
2020-06-23,5.152601,819.198148,0.884015
2020-06-24,5.348097,819.099946,0.88885
2020-06-25,5.360997,809.093302,0.891197
2020-06-26,5.479041,821.503912,0.891381
2020-06-27,5.479041,821.503912,0.891421
2020-06-28,5.482403,821.505488,0.890899
2020-06-29,5.403602,821.497406,0.88914
2020-06-30,5.463201,822.802664,0.890098
2020-07-01,5.317702,808.615336,0.88881
2020-07-02,5.360396,801.101052,0.88988
2020-07-03,5.312917,802.503912,0.889104
2020-07-04,5.312917,802.503912,0.889284
2020-07-05,5.312898,802.499323,0.88914
2020-07-06,5.355803,799.402424,0.883975
2020-07-07,5.379299,789.504341,0.886931
2020-07-08,5.3441,786.901613,0.881987
2020-07-09,5.339301,788.597835,0.885925
2020-07-10,5.328354,792.403912,0.885348
2020-07-11,5.338468,792.403912,0.885348
2020-07-12,5.328397,792.396767,0.884195
2020-07-13,5.402981,789.699785,0.881415
2020-07-14,5.368301,786.502594,0.876395
2020-07-15,5.370175,782.198398,0.875875
2020-07-16,5.332202,789.407104,0.877899
2020-07-17,5.38681,787.803912,0.875048
2020-07-18,5.38681,787.803912,0.874929
2020-07-19,5.386797,787.898609,0.873945
2020-07-20,5.3292,786.197294,0.872799
2020-07-21,5.171297,771.603984,0.867025
2020-07-22,5.119601,767.897463,0.864494
2020-07-23,5.212099,770.400028,0.862385
2020-07-24,5.23055,774.203912,0.857924
2020-07-25,5.23055,774.203912,0.857924
2020-07-26,5.230602,774.196424,0.858215
2020-07-27,5.144821,768.410149,0.849695
2020-07-28,5.153804,766.301649,0.853355
2020-07-29,5.170303,757.393234,0.848715
2020-07-30,5.155399,761.502537,0.842325
2020-07-31,5.22265,756.703912,0.848983
2020-08-01,5.22265,756.703912,0.848896
2020-08-02,5.2227,756.716238,0.84876
2020-08-03,5.320195,757.702189,0.850201
2020-08-04,5.291698,771.705864,0.846375
2020-08-05,5.2924,777.399416,0.842285
2020-08-06,5.332796,773.498491,0.842101
2020-08-07,5.437325,788.803912,0.848526
2020-08-08,5.438274,788.803912,0.848259
2020-08-09,5.438703,788.805789,0.848799
2020-08-10,5.48202,805.99994,0.851975
2020-08-11,5.381894,794.486017,0.852065
2020-08-12,5.436501,792.300796,0.847907
2020-08-13,5.368502,793.502706,0.846295
2020-08-14,5.422278,797.603912,0.84442
2020-08-15,5.422278,797.603912,0.844423
2020-08-16,5.422304,797.608989,0.843803
2020-08-17,5.509801,807.703552,0.842098
2020-08-18,5.466903,794.703759,0.836995
2020-08-19,5.557905,784.385792,0.844352
2020-08-20,5.557397,786.398139,0.84235
2020-08-21,5.620075,793.103912,0.847781
2020-08-22,5.620075,793.103912,0.847817
2020-08-23,5.620102,793.10348,0.847625
2020-08-24,5.612099,785.999807,0.847875
2020-08-25,5.508895,787.099323,0.844975
2020-08-26,5.608703,784.585792,0.8445
2020-08-27,5.570198,784.399135,0.846075
2020-08-28,5.39145,779.503912,0.83998
2020-08-29,5.39145,779.503912,0.839877
2020-08-30,5.391504,779.499124,0.83908
2020-08-31,5.492397,776.341137,0.837615
2020-09-01,5.398801,771.309376,0.838725
2020-09-02,5.3406,771.403799,0.844095
2020-09-03,5.2914,775.803924,0.844635
2020-09-04,5.302504,771.503912,0.844691
2020-09-05,5.302504,771.503912,0.844691
2020-09-06,5.302497,771.501041,0.845025
2020-09-07,5.299801,775.200971,0.845994
2020-09-08,5.362098,773.000168,0.849701
2020-09-09,5.31038,766.602768,0.847105
2020-09-10,5.32206,773.099001,0.845735
2020-09-11,5.317704,769.903912,0.84406
2020-09-12,5.317704,769.903912,0.84406
2020-09-13,5.317698,769.903473,0.844499
2020-09-14,5.2698,765.306597,0.842567
2020-09-15,5.275806,763.292693,0.844305
2020-09-16,5.237498,760.298283,0.847235
2020-09-17,5.239302,761.198972,0.844035
2020-09-18,5.391304,763.303912,0.84457
2020-09-19,5.391304,763.303912,0.844616
2020-09-20,5.3913,763.295489,0.84423
2020-09-21,5.414101,774.498985,0.84987
2020-09-22,5.471398,777.237889,0.854115
2020-09-23,5.593904,783.29766,0.857765
2020-09-24,5.509905,783.297632,0.856685
2020-09-25,5.56135,788.103912,0.85978
2020-09-26,5.56135,788.103912,0.859734
2020-09-27,5.562597,788.098602,0.85948
2020-09-28,5.6617,784.59797,0.85627
2020-09-29,5.63205,784.600812,0.851665
2020-09-30,5.609901,785.097209,0.852899
2020-10-01,5.643498,787.098074,0.851455
2020-10-02,5.683104,789.603912,0.853479
2020-10-03,5.683104,789.603912,0.853457
2020-10-04,5.683103,789.584889,0.853245
2020-10-05,5.57495,798.706766,0.848098
2020-10-06,5.595303,798.708288,0.851985
2020-10-07,5.612795,794.598196,0.849717
2020-10-08,5.600101,798.59516,0.849943
2020-10-09,5.530502,794.703912,0.845359
2020-10-10,5.530502,794.703912,0.845248
2020-10-11,5.530498,794.701579,0.846285
2020-10-12,5.531199,796.999694,0.846399
2020-10-13,5.569895,798.902763,0.851655
2020-10-14,5.59199,798.806766,0.851525
2020-10-15,5.612699,804.102075,0.854205
2020-10-16,5.648385,793.503912,0.853607
2020-10-17,5.648385,793.503912,0.853607
2020-10-18,5.646299,793.502849,0.853595
2020-10-19,5.607097,787.603528,0.849803
2020-10-20,5.605698,785.999645,0.845345
2020-10-21,5.609303,783.000011,0.843703
2020-10-22,5.5928,778.793621,0.846405
2020-10-23,5.619251,775.703912,0.843149
2020-10-24,5.619251,775.703912,0.842993
2020-10-25,5.619251,775.701015,0.844131
2020-10-26,5.624098,775.30203,0.8467
2020-10-27,5.7062,772.999656,0.848745
2020-10-28,5.746398,773.599271,0.851165
2020-10-29,5.779302,772.000137,0.856396
2020-10-30,5.742904,773.303912,0.856504
2020-10-31,5.742904,773.303912,0.856348
2020-11-01,5.742895,773.302706,0.858995
2020-11-02,5.742599,767.701691,0.858965
2020-11-03,5.757197,759.498055,0.850702
2020-11-04,5.664503,754.202544,0.852315
2020-11-05,5.524896,756.101234,0.846375
2020-11-06,5.364804,751.503912,0.842169
2020-11-07,5.364804,751.503912,0.842151
2020-11-08,5.364803,751.504871,0.84086
2020-11-09,5.3855,757.604905,0.845804
2020-11-10,5.415405,754.59611,0.846225
2020-11-11,5.391501,754.696673,0.84886
2020-11-12,5.458198,761.0841,0.847192
2020-11-13,5.458504,767.103912,0.844923
2020-11-14,5.458504,767.103912,0.844923
2020-11-15,5.458503,767.106766,0.844199
2020-11-16,5.416402,766.498728,0.843235
2020-11-17,5.328699,763.204788,0.842935
2020-11-18,5.363199,758.301579,0.844075
2020-11-19,5.305979,759.198816,0.842735
2020-11-20,5.380104,764.203912,0.843409
2020-11-21,5.380104,764.203912,0.843409
2020-11-22,5.3801,764.200559,0.842745
2020-11-23,5.442103,773.901353,0.844506
2020-11-24,5.374101,773.80093,0.840404
2020-11-25,5.324094,764.797352,0.839032
2020-11-26,5.336802,766.279251,0.839313
2020-11-27,5.344104,768.703912,0.835911
2020-11-28,5.344104,768.703912,0.835858
2020-11-29,5.344103,768.696125,0.835349
2020-11-30,5.332603,761.898478,0.837675
2020-12-01,5.206401,759.999479,0.828303
2020-12-02,5.217804,756.000152,0.825475
2020-12-03,5.152498,750.642625,0.823365
2020-12-04,5.156839,743.903912,0.825048
2020-12-05,5.156839,743.903912,0.824875
2020-12-06,5.156839,743.897632,0.825015
2020-12-07,5.0998,745.203818,0.825575
2020-12-08,5.121198,744.895989,0.825802
2020-12-09,5.171197,743.198647,0.827994
2020-12-10,5.025697,734.803315,0.823472
2020-12-11,5.066204,734.303912,0.825655
2020-12-12,5.066204,734.303912,0.825655
2020-12-13,5.0662,734.298389,0.824195
2020-12-14,5.1192,735.395747,0.82314
2020-12-15,5.082176,736.179026,0.822774
2020-12-16,5.084701,734.190528,0.819795
2020-12-17,5.058403,721.89797,0.815505
2020-12-18,5.102604,725.303912,0.815874
2020-12-19,5.102604,725.303912,0.815827
2020-12-20,5.102598,725.314885,0.818615
2020-12-21,5.122206,725.598342,0.817299
2020-12-22,5.159938,722.711164,0.820595
2020-12-23,5.216797,714.100451,0.820275
2020-12-24,5.216802,714.798376,0.820804
2020-12-25,5.216804,714.803912,0.820204
2020-12-26,5.216804,714.803912,0.8141
2020-12-27,5.216796,714.802876,0.819365
2020-12-28,5.247401,711.999749,0.818201
2020-12-29,5.210097,715.396702,0.816155
2020-12-30,5.194091,711.501443,0.813025
2020-12-31,5.193597,710.502481,0.821102
2021-01-01,5.193404,710.503912,0.821304
2021-01-02,5.193404,710.503912,0.824063
2021-01-03,5.1934,710.499696,0.816315
2021-01-04,5.296798,704.303175,0.816245
2021-01-05,5.285597,695.901138,0.813015
2021-01-06,5.314399,696.492944,0.810403
2021-01-07,5.410295,712.788329,0.815027
2021-01-08,5.418041,712.103912,0.817996
2021-01-09,5.41546,714.782413,0.817996
2021-01-10,5.41546,714.782413,0.820635
2021-01-11,5.489198,719.433018,0.822328
2021-01-12,5.3229,725.000072,0.819095
2021-01-13,5.299396,737.787686,0.822225
2021-01-14,5.197302,726.502495,0.822985
2021-01-15,5.293104,734.803912,0.828137
2021-01-16,5.293371,735.058819,0.827849
2021-01-17,5.293371,735.058819,0.82866
2021-01-18,5.296298,734.000111,0.82802
2021-01-19,5.358203,737.302307,0.823897
2021-01-20,5.292023,722.105074,0.825405
2021-01-21,5.350971,717.384438,0.821963
2021-01-22,5.467104,727.603912,0.821558
2021-01-23,5.467104,727.603912,0.821389
2021-01-24,5.467103,727.602481,0.821765
2021-01-25,5.466961,732.999751,0.823395
2021-01-26,5.355301,733.194813,0.822176
2021-01-27,5.414101,738.700451,0.826198
2021-01-28,5.440644,735.999978,0.825105
2021-01-29,5.462234,734.803912,0.823879
2021-01-30,5.462304,734.803912,0.823893
2021-01-31,5.462299,734.793621,0.82485
2021-02-01,5.431992,733.820636,0.828615
2021-02-01,5.431992,733.820636,0.828615
2021-02-02,5.368398,732.699352,0.830655
2021-02-03,5.353499,732.700387,0.830503
2021-02-04,5.427199,735.698647,0.835675
2021-02-05,5.370804,739.000361,0.82996
2021-02-06,5.370804,739.000361,0.829941
2021-02-07,5.3708,739.000289,0.82999
2021-02-08,5.36602,735.507217,0.829631
2021-02-09,5.378203,734.703045,0.825185
2021-02-10,5.386403,725.10795,0.8251
2021-02-11,5.366897,726.341272,0.824397
2021-02-12,5.370104,721.803912,0.825548
2021-02-13,5.370399,721.803912,0.825048
2021-02-14,5.370098,721.8159,0.824975
2021-02-15,5.3695,719.303214,0.824256
2021-02-16,5.370903,718.599468,0.826985
2021-02-17,5.411295,713.197914,0.830117
2021-02-18,5.427304,710.999756,0.827025
2021-02-19,5.382504,708.650396,0.825202
2021-02-20,5.382873,708.650396,0.825202
2021-02-21,5.382901,708.650276,0.824675
2021-02-22,5.464899,706.999757,0.821976
2021-02-23,5.441106,704.703157,0.822925
2021-02-24,5.406239,700.9026,0.821698
2021-02-25,5.531315,716.000413,0.822365
2021-02-26,5.599204,723.903912,0.828358
2021-02-27,5.599204,723.903912,0.828356
2021-02-28,5.599199,723.901976,0.8272
2021-03-01,5.642198,722.898015,0.829903
2021-03-02,5.676601,729.000304,0.827465
2021-03-03,5.619014,727.603349,0.829855
2021-03-04,5.6698,732.114885,0.835605
2021-03-05,5.691104,733.403912,0.839542
2021-03-06,5.691104,733.403912,0.839201
2021-03-07,5.691099,733.401607,0.83856
2021-03-08,5.876104,736.502481,0.843785
2021-03-09,5.802996,735.407358,0.840506
2021-03-10,5.672599,724.392811,0.8386
2021-03-11,5.536302,713.297165,0.834403
2021-03-12,5.55305,724.103912,0.836581
2021-03-13,5.55305,724.103912,0.836593
2021-03-14,5.516071,724.103303,0.83686
2021-03-15,5.615952,723.100758,0.838545
2021-03-16,5.624902,727.796008,0.840245
2021-03-17,5.584602,722.397294,0.834555
2021-03-18,5.56045,720.599737,0.839075
2021-03-19,5.490804,713.303912,0.837065
2021-03-20,5.490804,713.303912,0.836925
2021-03-21,5.496927,713.301488,0.84156
2021-03-22,5.507051,716.800883,0.838035
2021-03-23,5.521902,722.999841,0.844605
2021-03-24,5.621097,727.705277,0.846545
2021-03-25,5.649904,725.198045,0.849165
2021-03-26,5.756204,732.903912,0.847873
2021-03-27,5.756204,732.903912,0.845702
2021-03-28,5.756201,732.901128,0.8484
2021-03-29,5.782505,734.09843,0.849715
2021-03-30,5.773504,729.302424,0.853015
2021-03-31,5.632803,720.491317,0.852765
2021-04-01,5.708901,717.09767,0.849032
2021-04-02,5.708041,717.103912,0.850304
2021-04-03,5.708041,717.103912,0.850391
2021-04-04,5.708054,717.102084,0.849945
2021-04-05,5.664196,721.499053,0.846202
2021-04-06,5.5944,717.807358,0.842175
2021-04-07,5.613601,713.700628,0.842245
2021-04-08,5.568103,708.196907,0.839102
2021-04-09,5.680804,710.603912,0.840336
2021-04-10,5.692604,713.975041,0.84028
2021-04-11,5.680805,710.588329,0.840397
2021-04-12,5.733703,713.302072,0.83945
2021-04-13,5.718403,708.104586,0.836525
2021-04-14,5.654403,709.607696,0.834505
2021-04-15,5.616599,698.501928,0.835455
2021-04-16,5.588609,702.803912,0.834589
2021-04-17,5.58874,702.803912,0.834589
2021-04-18,5.588597,702.801294,0.83529
2021-04-19,5.546802,700.602199,0.830296
2021-04-20,5.569201,697.00027,0.831054
2021-04-21,5.569404,698.19971,0.830755
2021-04-22,5.444702,706.794297,0.832405
2021-04-23,5.476,713.403912,0.826549
2021-04-24,5.476414,713.403912,0.826641
2021-04-25,5.47604,713.416238,0.82703
2021-04-26,5.437102,705.096236,0.827785
2021-04-27,5.452103,702.000118,0.827165
2021-04-28,5.3429,696.299425,0.824007
2021-04-29,5.337898,709.397023,0.824735
2021-04-30,5.438336,710.703912,0.831981
2021-05-01,5.438566,710.703912,0.83195
2021-05-02,5.438403,710.700435,0.831365
2021-05-03,5.439597,704.420974,0.829198
2021-05-04,5.444398,703.792727,0.832328
2021-05-05,5.354201,705.100254,0.832899
2021-05-06,5.276746,700.203975,0.828809
2021-05-07,5.235335,695.403912,0.822031
2021-05-08,5.236512,695.403912,0.822149
2021-05-09,5.236972,695.397348,0.82138
2021-05-10,5.224197,697.000189,0.823701
2021-05-11,5.222798,702.498454,0.823365
2021-05-12,5.304598,707.402842,0.827925
2021-05-13,5.309202,707.699682,0.82801
2021-05-14,5.27195,699.803912,0.823423
2021-05-15,5.27195,699.803912,0.823323
2021-05-16,5.271989,699.805782,0.823005
2021-05-17,5.273202,715.602905,0.822525
2021-05-18,5.260904,712.406315,0.818185
2021-05-19,5.309502,715.152774,0.821596
2021-05-20,5.282804,721.206157,0.817977
2021-05-21,5.366704,721.000361,0.821018
2021-05-22,5.366704,721.000361,0.820934
2021-05-23,5.363298,720.999697,0.820901
2021-05-24,5.320402,729.801949,0.818698
2021-05-25,5.332203,734.000224,0.816453
2021-05-26,5.311974,729.999988,0.820202
2021-05-27,5.2397,724.700507,0.820205
2021-05-28,5.22635,724.503912,0.820176
2021-05-29,5.22635,724.503912,0.820173
2021-05-30,5.226399,724.499323,0.820302
2021-05-31,5.2181,722.898454,0.817428
2021-06-01,5.151297,728.498862,0.818495
2021-06-02,5.076003,718.510938,0.818967
2021-06-03,5.077803,718.999895,0.8243
2021-06-04,5.048788,718.303912,0.821878
2021-06-05,5.048788,718.303912,0.821926
2021-06-06,5.050399,718.299504,0.821855
2021-06-07,5.046901,716.398901,0.820295
2021-06-08,5.036299,717.698449,0.821465
2021-06-09,5.062999,719.896617,0.821199
2021-06-10,5.056007,719.809134,0.821545
2021-06-11,5.116296,722.000361,0.825866
2021-06-12,5.116296,722.000361,0.825835
2021-06-13,5.116302,722.000165,0.825775
2021-06-14,5.060299,719.400677,0.8249
2021-06-15,5.045398,727.097197,0.824701
2021-06-16,5.055798,730.202795,0.833765
2021-06-17,5.008906,738.499968,0.839298
2021-06-18,5.09015,748.603912,0.842922
2021-06-19,5.09015,748.603912,0.842861
2021-06-20,5.0902,748.60639,0.842275
2021-06-21,5.0144,747.597576,0.839485
2021-06-22,4.958903,741.399865,0.837598
2021-06-23,4.966701,736.197455,0.838265
2021-06-24,4.914197,734.000234,0.838325
2021-06-25,4.934504,733.203912,0.837696
2021-06-26,4.934504,733.203912,0.837795
2021-06-27,4.916902,733.202172,0.83741
2021-06-28,4.926302,735.000156,0.838396
2021-06-29,4.956796,727.724019,0.840302
2021-06-30,4.970702,732.301353,0.843498
2021-07-01,5.048479,740.49797,0.844181
2021-07-02,5.06108,735.650396,0.842826
2021-07-03,5.058672,735.650396,0.842815
2021-07-04,5.058905,735.650093,0.843501
2021-07-05,5.091805,736.380052,0.842851
2021-07-06,5.196994,747.940296,0.845855
2021-07-07,5.232301,749.091965,0.847945
2021-07-08,5.2595,753.385453,0.844095
2021-07-09,5.259404,748.750396,0.84191
2021-07-10,5.258735,748.750396,0.841963
2021-07-11,5.259402,748.750099,0.842261
2021-07-12,5.174101,743.690177,0.842955
2021-07-13,5.164098,749.719961,0.849285
2021-07-14,5.071403,745.130136,0.845095
2021-07-15,5.1115,756.949954,0.846603
2021-07-16,5.11545,757.803912,0.84698
2021-07-17,5.11571,757.803912,0.84707
2021-07-18,5.115496,757.801224,0.84653
2021-07-19,5.252398,760.250116,0.847963
2021-07-20,5.220993,758.250242,0.848797
2021-07-21,5.188803,752.710014,0.848005
2021-07-22,5.2012,753.879959,0.849365
2021-07-23,5.200804,762.210396,0.849524
2021-07-24,5.203864,762.210396,0.849524
2021-07-25,5.200804,762.209506,0.84942
2021-07-26,5.176898,760.169622,0.846978
2021-07-27,5.169596,767.959672,0.845959
2021-07-28,5.116302,761.90203,0.844125
2021-07-29,5.081902,760.280016,0.841055
2021-07-30,5.208867,756.650396,0.842641
2021-07-31,5.208867,756.650396,0.842673
2021-08-01,5.208898,756.649826,0.842885
2021-08-02,5.1761,768.449904,0.842215
2021-08-03,5.1983,775.798106,0.842475
2021-08-04,5.169703,774.340383,0.844802
2021-08-05,5.2467,777.989654,0.845095
2021-08-06,5.233504,788.250396,0.850109
2021-08-07,5.239824,788.250396,0.850138
2021-08-08,5.233501,788.250149,0.851203
2021-08-09,5.233298,785.649902,0.851995
2021-08-10,5.190101,779.000233,0.853305
2021-08-11,5.219703,771.409997,0.851701
2021-08-12,5.253705,774.808204,0.852045
2021-08-13,5.249041,775.990396,0.847716
2021-08-14,5.249041,775.990396,0.847716
2021-08-15,5.249009,775.989783,0.847995
2021-08-16,5.261196,786.769811,0.849002
2021-08-17,5.295702,789.970099,0.854007
2021-08-18,5.3801,787.710361,0.854416
2021-08-19,5.415599,786.509781,0.856499
2021-08-20,5.380433,786.630396,0.85492
2021-08-21,5.378483,786.630396,0.85492
2021-08-22,5.380497,786.630231,0.85506
2021-08-23,5.381401,784.380322,0.851485
2021-08-24,5.246599,782.5695,0.850798
2021-08-25,5.212965,783.970077,0.849485
2021-08-26,5.253298,786.909861,0.850704
2021-08-27,5.205041,783.203912,0.847651
2021-08-28,5.205041,783.203912,0.847788
2021-08-29,5.204988,783.199323,0.847501
2021-08-30,5.184602,782.720066,0.847705
2021-08-31,5.150605,775.849932,0.846775
2021-09-01,5.186099,771.310112,0.844598
2021-09-02,5.183301,769.32949,0.842098
2021-09-03,5.191226,767.050396,0.841818
2021-09-04,5.191226,767.050396,0.841503
2021-09-05,5.191297,767.049852,0.841355
2021-09-06,5.171197,770.659831,0.842098
2021-09-07,5.170299,780.779763,0.844274
2021-09-08,5.322098,787.679582,0.846135
2021-09-09,5.197995,793.396211,0.8457
2021-09-10,5.246041,788.460396,0.846403
2021-09-11,5.246041,788.460396,0.846403
2021-09-12,5.245991,788.45998,0.84671
2021-09-13,5.214497,785.060269,0.846776
2021-09-14,5.2404,783.760022,0.847198
2021-09-15,5.2236,778.049811,0.846131
2021-09-16,5.260099,783.630031,0.849982
2021-09-17,5.289104,784.510396,0.85286
2021-09-18,5.289104,784.510396,0.852813
2021-09-19,5.289104,784.509568,0.8526
2021-09-20,5.324405,788.999833,0.852685
2021-09-21,5.270397,786.049864,0.853055
2021-09-22,5.289201,787.592847,0.855665
2021-09-23,5.303403,785.390219,0.851805
2021-09-24,5.335104,792.830396,0.853202
2021-09-25,5.335104,792.830396,0.853235
2021-09-26,5.335396,792.829899,0.853025
2021-09-27,5.391897,793.462788,0.855015
2021-09-28,5.428902,802.669869,0.855799
2021-09-29,5.415801,809.999771,0.861799
2021-09-30,5.443197,810.830277,0.863995
2021-10-01,5.366104,803.260396,0.862404
2021-10-02,5.366104,803.260396,0.862404
2021-10-03,5.3661,803.260018,0.861475
2021-10-04,5.454603,805.860123,0.860815
2021-10-05,5.477403,811.198835,0.862365
2021-10-06,5.493403,813.159895,0.865425
2021-10-07,5.518501,812.259611,0.865002
2021-10-08,5.50835,824.450396,0.863904
2021-10-09,5.511829,824.450396,0.863904
2021-10-10,5.508402,824.450436,0.86462
2021-10-11,5.537598,824.45014,0.865475
2021-10-12,5.533016,823.160132,0.8671
2021-10-13,5.513958,815.209707,0.862215
2021-10-14,5.513696,825.920016,0.862698
2021-10-15,5.459704,823.750396,0.862135
2021-10-16,5.459704,823.750396,0.862135
2021-10-17,5.459702,823.749724,0.86231
2021-10-18,5.512798,817.129877,0.861045
2021-10-19,5.584805,810.494813,0.859705
2021-10-20,5.597803,814.05034,0.858009
2021-10-21,5.659303,818.160565,0.860203
2021-10-22,5.650389,815.720396,0.858604
2021-10-23,5.652299,815.720396,0.858604
2021-10-24,5.650402,815.789974,0.85918
2021-10-25,5.555606,807.906089,0.861415
2021-10-26,5.566605,804.129776,0.8623
2021-10-27,5.536503,805.405074,0.862085
2021-10-28,5.6464,805.890203,0.855804
2021-10-29,5.635804,813.503912,0.864975
2021-10-30,5.635804,813.503912,0.864975
2021-10-31,5.635802,813.50636,0.865195
2021-11-01,5.680203,812.150031,0.862103
2021-11-02,5.680103,813.370244,0.8637
2021-11-03,5.553902,813.889848,0.860855
2021-11-04,5.603201,814.120391,0.865502
2021-11-05,5.543304,811.403912,0.865604
2021-11-06,5.543304,811.403912,0.865604
2021-11-07,5.5433,811.399746,0.864395
2021-11-08,5.544399,803.670083,0.86299
2021-11-09,5.480599,793.580065,0.862499
2021-11-10,5.491401,795.229538,0.870625
2021-11-11,5.399498,794.160294,0.873495
2021-11-12,5.459204,800.880396,0.87389
2021-11-13,5.459204,800.880396,0.87389
2021-11-14,5.459203,800.879954,0.87398
2021-11-15,5.457799,798.050478,0.879805
2021-11-16,5.503702,812.000389,0.883555
2021-11-17,5.530198,829.750035,0.883496
2021-11-18,5.557899,832.660369,0.879595
2021-11-19,5.613604,828.503912,0.886504
2021-11-20,5.613604,828.503912,0.886504
2021-11-21,5.613602,828.496714,0.886902
2021-11-22,5.587201,812.209484,0.88955
2021-11-23,5.572098,813.697294,0.889401
2021-11-24,5.6067,814.379719,0.89264
2021-11-25,5.566601,818.999827,0.89211
2021-11-26,5.609704,832.050396,0.883504
2021-11-27,5.609704,832.050396,0.883504
2021-11-28,5.609702,832.049538,0.885635
2021-11-29,5.6023,843.999974,0.88555
2021-11-30,5.624399,827.379858,0.882505
2021-12-01,5.695634,839.059703,0.883455
2021-12-02,5.646861,837.539706,0.884475
2021-12-03,5.651404,841.060396,0.883904
2021-12-04,5.653734,833.178436,0.883904
2021-12-05,5.653734,833.178436,0.88465
2021-12-06,5.689197,846.130273,0.886215
2021-12-07,5.612799,839.98015,0.88708
2021-12-08,5.5331,839.502622,0.881495
2021-12-09,5.572604,837.15912,0.885505
2021-12-10,5.612904,844.180396,0.883645
2021-12-11,5.612484,848.193195,0.883645
2021-12-12,5.612196,848.193195,0.88406
2021-12-13,5.681304,841.409863,0.886275
2021-12-14,5.682202,843.250148,0.888295
2021-12-15,5.680899,851.309775,0.885675
2021-12-16,5.688904,846.509909,0.882245
2021-12-17,5.696404,843.260396,0.88983
2021-12-18,5.69633,855.163523,0.88983
2021-12-19,5.69633,855.163523,0.889485
2021-12-20,5.743028,871.440265,0.886698
2021-12-21,5.745698,871.730159,0.886025
2021-12-22,5.654498,860.680135,0.882799
2021-12-23,5.675327,859.2904,0.882995
2021-12-24,5.674861,865.420396,0.881804
2021-12-25,5.674861,865.420396,0.881804
2021-12-26,5.674861,865.420246,0.88311
2021-12-27,5.6256,857.296918,0.882695
2021-12-28,5.628973,855.499644,0.883893
2021-12-29,5.704199,849.37986,0.880315
2021-12-30,5.571697,851.999711,0.883099
2021-12-31,5.571304,852.000361,0.879395
2022-01-01,5.571304,852.000361,0.879395
2022-01-02,5.571299,851.999866,0.879285
2022-01-03,5.682401,851.793572,0.88497
2022-01-04,5.677595,847.429933,0.886255
2022-01-05,5.709171,838.519557,0.883903
2022-01-06,5.683896,837.619959,0.885197
2022-01-07,5.635804,828.310396,0.88015
2022-01-08,5.635804,831.147339,0.88015
2022-01-09,5.635804,831.147339,0.880805
2022-01-10,5.6635,835.577447,0.882503
2022-01-11,5.569296,828.250347,0.879802
2022-01-12,5.5347,823.420108,0.874105
2022-01-13,5.528201,816.498862,0.872904
2022-01-14,5.534904,819.710396,0.875955
2022-01-15,5.534904,819.710396,0.875955
2022-01-16,5.534902,819.709941,0.87641
2022-01-17,5.517297,822.510269,0.876405
2022-01-18,5.567203,817.910161,0.882595
2022-01-19,5.4387,809.010211,0.881595
2022-01-20,5.419596,802.759401,0.883896
2022-01-21,5.458704,798.960396,0.881465
2022-01-22,5.458704,798.960396,0.881465
2022-01-23,5.458703,798.959625,0.881803
2022-01-24,5.487597,807.360415,0.88305
2022-01-25,5.444243,799.959805,0.884698
2022-01-26,5.432726,803.000102,0.88955
2022-01-27,5.407074,805.250281,0.897295
2022-01-28,5.368113,813.380396,0.89703
2022-01-29,5.368113,813.380396,0.89703
2022-01-30,5.367599,807.244874,0.896895
2022-01-31,5.304596,800.729959,0.89051
2022-02-01,5.266196,802.866982,0.887099
2022-02-01,5.266196,802.866982,0.887099
2022-02-02,5.262399,802.793437,0.885055
2022-02-03,5.284398,818.629977,0.874455
2022-02-04,5.328504,828.503912,0.873404
2022-02-05,5.328504,828.503912,0.873404
2022-02-06,5.328494,828.495989,0.873035
2022-02-07,5.263801,824.680253,0.874602
2022-02-08,5.260033,827.580252,0.875645
2022-02-09,5.236,813.312179,0.875505
2022-02-10,5.250202,805.250312,0.876103
2022-02-11,5.253404,810.010396,0.881104
2022-02-12,5.25398,805.968298,0.881104
2022-02-13,5.25398,805.968298,0.879745
2022-02-14,5.215397,813.380165,0.884515
2022-02-15,5.159395,800.949777,0.880555
2022-02-16,5.137301,798.050007,0.87925
2022-02-17,5.172098,795.249978,0.879805
2022-02-18,5.139041,801.250396,0.883204
2022-02-19,5.139041,801.250396,0.883204
2022-02-20,5.138976,801.250037,0.883655
2022-02-21,5.10397,798.540169,0.884425
2022-02-22,5.058599,792.720138,0.882665
2022-02-23,5.01015,791.179807,0.884535
2022-02-24,5.123699,816.750093,0.893702
2022-02-25,5.163041,802.190396,0.887104
2022-02-26,5.163294,803.888268,0.887104
2022-02-27,5.161999,803.888268,0.89427
2022-02-28,5.159903,799.196871,0.89162
2022-03-01,5.160902,806.68969,0.89825
2022-03-02,5.100102,804.860189,0.89982
2022-03-03,5.032398,796.130086,0.903699
2022-03-04,5.062816,805.122538,0.913435
2022-03-05,5.056623,805.122538,0.913435
2022-03-06,5.064146,805.122538,0.9199
2022-03-07,5.112015,812.559727,0.92039
2022-03-08,5.060398,809.90111,0.91772
2022-03-09,5.013197,804.502996,0.90314
2022-03-10,5.011202,801.999911,0.90795
2022-03-11,5.075041,805.960396,0.91642
2022-03-12,5.075041,805.960396,0.91642
2022-03-13,5.074995,805.959853,0.91427
2022-03-14,5.123101,813.501624,0.91367
2022-03-15,5.164706,809.87979,0.91166
2022-03-16,5.078698,798.110004,0.90725
2022-03-17,5.040901,799.56024,0.90097
2022-03-18,5.02375,803.510396,0.90395
2022-03-19,5.02375,803.510396,0.90395
2022-03-20,5.01955,803.510058,0.90565
2022-03-21,4.936502,793.760024,0.907701
2022-03-22,4.911498,792.779994,0.90675
2022-03-23,4.825695,792.609934,0.90845
2022-03-24,4.827799,789.110011,0.90833
2022-03-25,4.743204,778.010396,0.91045
2022-03-26,4.743173,791.610378,0.91045
2022-03-27,4.743201,778.009662,0.91049
2022-03-28,4.765601,778.580321,0.90963
2022-03-29,4.7577,780.210261,0.90156
2022-03-30,4.771203,789.129702,0.89597
2022-03-31,4.739298,786.7801,0.90318
2022-04-01,4.658887,783.000361,0.905104
2022-04-02,4.660812,787.079441,0.905104
2022-04-03,4.658703,782.999726,0.90535
2022-04-04,4.595298,779.029917,0.91112
2022-04-05,4.652312,787.410035,0.91685
2022-04-06,4.7167,799.909561,0.91761
2022-04-07,4.753598,806.04998,0.9205
2022-04-08,4.699604,815.000361,0.91947
2022-04-09,4.699604,815.000361,0.91947
2022-04-10,4.699603,814.999849,0.91873
2022-04-11,4.695098,817.24958,0.91932
2022-04-12,4.674596,806.050186,0.92372
2022-04-13,4.691703,805.850297,0.91775
2022-04-14,4.7025,815.399602,0.92416
2022-04-15,4.702104,814.950396,0.924695
2022-04-16,4.702104,814.950396,0.924695
2022-04-17,4.702099,814.950262,0.924655
2022-04-18,4.653496,816.58967,0.92752
2022-04-19,4.666503,819.797564,0.92643
2022-04-20,4.622302,815.430111,0.9217
2022-04-21,4.622302,824.849611,0.92295
2022-04-22,4.796678,837.250396,0.92598
2022-04-23,4.798921,827.079088,0.92598
2022-04-24,4.796698,837.250142,0.92501
2022-04-25,4.877702,844.909837,0.93337
2022-04-26,4.999297,846.910095,0.93956
2022-04-27,4.9651,846.95025,0.94744
2022-04-28,4.939297,858.010146,0.95215
2022-04-29,4.97275,852.510396,0.94835
2022-04-30,4.97275,852.510396,0.94835
2022-05-01,4.972799,852.510145,0.94916
2022-05-02,5.0862,861.260197,0.95159
2022-05-03,4.960556,855.51024,0.9499
2022-05-04,4.920303,853.509714,0.941503
2022-05-05,5.029504,862.279921,0.94882
2022-05-06,5.081904,858.990396,0.94804
2022-05-07,5.081904,858.990396,0.94804
2022-05-08,5.081902,858.990481,0.949505
2022-05-09,5.162399,868.759442,0.94648
2022-05-10,5.132803,866.850036,0.94955
2022-05-11,5.138057,862.129954,0.95128
2022-05-12,5.134898,865.659906,0.96346
2022-05-13,5.059804,860.403912,0.96055
2022-05-14,5.059804,860.403912,0.96055
2022-05-15,5.059803,860.401389,0.96151
2022-05-16,5.061202,857.779925,0.95798
2022-05-17,4.939598,850.999966,0.94809
2022-05-18,4.969298,854.729756,0.95485
2022-05-19,4.931497,837.550217,0.9453
2022-05-20,4.881704,836.503912,0.94675
2022-05-21,4.881704,836.503912,0.94675
2022-05-22,4.8817,836.495167,0.94612
2022-05-23,4.81501,830.480198,0.93618
2022-05-24,4.819401,830.359566,0.93155
2022-05-25,4.8243,832.096392,0.93578
2022-05-26,4.769699,823.819609,0.93174
2022-05-27,4.731041,826.503912,0.931505
2022-05-28,4.731041,826.503912,0.931505
2022-05-29,4.731098,826.499098,0.93187
2022-05-30,4.753903,830.489974,0.92823
2022-05-31,4.731896,824.210217,0.93164
2022-06-01,4.81703,823.609967,0.93875
2022-06-02,4.797201,813.229752,0.93017
2022-06-03,4.774604,811.810396,0.93285
2022-06-04,4.775041,811.810396,0.93285
2022-06-05,4.776499,811.80974,0.93234
2022-06-06,4.795697,822.739919,0.93536
2022-06-07,4.871265,824.999454,0.934803
2022-06-08,4.899602,821.750292,0.93307
2022-06-09,4.904802,826.504533,0.94172
2022-06-10,4.985435,844.630396,0.950765
2022-06-11,4.987385,844.630396,0.950765
2022-06-12,4.985499,844.62961,0.95334
2022-06-13,5.114899,862.96036,0.96017
2022-06-14,5.117597,869.040151,0.957898
2022-06-15,5.053498,857.019737,0.956402
2022-06-16,5.053701,867.091881,0.94818
2022-06-17,5.153604,876.803912,0.952804
2022-06-18,5.153919,876.803912,0.952804
2022-06-19,5.153598,876.783762,0.95319
2022-06-20,5.188704,883.600263,0.95065
2022-06-21,5.124298,874.000169,0.94946
2022-06-22,5.195099,890.259575,0.94675
2022-06-23,5.239499,904.029323,0.95059
2022-06-24,5.243504,917.870396,0.94725
2022-06-25,5.243504,917.870396,0.94725
2022-06-26,5.242899,917.869941,0.946455
2022-06-27,5.238302,920.590227,0.94513
2022-06-28,5.268102,911.180408,0.95028
2022-06-29,5.182399,926.801353,0.95728
2022-06-30,5.253501,916.750429,0.95444
2022-07-01,5.33245,932.580396,0.958904
2022-07-02,5.33245,932.580396,0.958904
2022-07-03,5.3325,932.579956,0.95844
2022-07-04,5.329796,928.749458,0.95851
2022-07-05,5.386902,953.297463,0.973635
2022-07-06,5.4299,970.000065,0.98195
2022-07-07,5.339913,951.780208,0.983895
2022-07-08,5.255504,974.110396,0.98175
2022-07-09,5.255081,974.110396,0.98175
2022-07-10,5.255081,974.110396,0.98175
2022-07-11,5.354301,992.759579,0.991925
2022-07-12,5.378497,993.170095,0.997805
2022-07-13,5.3924,1012.69594,0.996775
2022-07-14,5.424299,1009.339735,0.997475
2022-07-15,5.407804,1050.750396,0.99138
2022-07-16,5.416973,1050.750396,0.99138
2022-07-17,5.4116,1050.750272,0.990502
2022-07-18,5.438302,1050.760388,0.985725
2022-07-19,5.414603,1050.759961,0.977425
2022-07-20,5.471703,927.459964,0.982085
2022-07-21,5.499304,928.820409,0.978405
2022-07-22,5.497804,952.430396,0.97904
2022-07-23,5.496671,924.937445,0.97904
2022-07-24,5.498203,952.429804,0.980405
2022-07-25,5.357803,936.92976,0.97815
2022-07-26,5.351601,924.908796,0.987245
2022-07-27,5.244497,910.25026,0.97965
2022-07-28,5.184198,908.950134,0.981165
2022-07-29,5.172804,902.480396,0.97795
2022-07-30,5.172804,902.480396,0.97795
2022-07-31,5.172705,901.099662,0.97975
2022-08-01,5.1855,891.749391,0.974565
2022-08-02,5.279203,909.790322,0.984705
2022-08-03,5.284199,911.620277,0.984515
2022-08-04,5.2126,902.395784,0.975855
2022-08-05,5.16605,918.140396,0.982295
2022-08-06,5.164263,907.061128,0.982295
2022-08-07,5.166099,918.140233,0.983235
2022-08-08,5.111604,905.8977,0.980655
2022-08-09,5.125197,903.749804,0.979645
2022-08-10,5.095199,887.579421,0.97095
2022-08-11,5.158502,884.909982,0.96945
2022-08-12,5.076404,875.760396,0.974325
2022-08-13,5.076404,875.760396,0.974325
2022-08-14,5.076399,875.75997,0.97515
2022-08-15,5.0971,881.010391,0.984095
2022-08-16,5.145672,881.496076,0.983255
2022-08-17,5.166505,897.645332,0.98245
2022-08-18,5.168503,929.692558,0.991125
2022-08-19,5.169904,944.503912,0.995835
2022-08-20,5.167625,930.220629,0.995835
2022-08-21,5.1699,944.501278,0.996525
2022-08-22,5.157602,938.000054,1.006125
2022-08-23,5.104987,916.749783,1.003355
2022-08-24,5.111602,921.430281,1.00325
2022-08-25,5.110302,898.502819,1.002915
2022-08-26,5.06403,893.150396,1.00345
2022-08-27,5.063122,903.02614,1.00345
2022-08-28,5.06402,893.150109,1.006205
2022-08-29,5.028698,882.51009,0.99875
2022-08-30,5.123398,890.45015,0.997535
2022-08-31,5.183302,897.000217,0.996145
